Ville,Type de bien,Prix
Toulon ,maison,960000
Saint-Ouen ,appartement,395000
Paris 10ème ,appartement,353600
Neuilly-sur-Seine ,appartement,380000
Champigny-sur-Marne ,appartement,290000
Breuillet ,maison,304100
Lauzerte ,maison,89000
Lavernose-Lacasse ,maison,195000
Le Thor ,maison,430000
Montpellier ,appartement,256600
Fonsorbes ,maison,335000
Le Tignet ,maison,580000
Saint-Louis (,maison,215000
Le Thor ,maison,381000
Arcachon ,appartement,904680
Cordes-sur-Ciel ,maison,680000
Cannes ,appartement,390000
Saint-cheron ,maison,363800
Aubignan ,maison,470000
Nimes ,appartement,279000
Saint leu (,terrain,159000
Clairoix ,maison,338000
Compiegne ,maison,289000
Paris 11ème ,appartement,1315000
Nimes ,appartement,187800
Pomarez ,maison,212700
Le Touquet-Paris-Plage ,maison,860000
Villemomble ,maison,449000
Lille ,maison,990000
Nimes ,appartement,305800
Montreuil ,appartement,546000
Porto-Vecchio ,maison,330000
Tourcoing ,appartement,118000
Creteil ,appartement,310000
Saint-Florent ,maison,213920
Saint-Florent ,maison,350000
Coulounieix-Chamiers ,maison,214510
La Palme ,maison,698000
Marseille 8ème ,maison,476200
Garches ,maison,4950000
Nimes ,appartement,236300
Porto-Vecchio ,maison,330000
Triguères ,maison,97490
La Celle-Saint-Cloud ,appartement,540000
Paris 18ème ,appartement,520000
Toulouse ,appartement,363000
Dinozé ,maison,206000
Aigrefeuille-d'Aunis ,maison,383000
Saussan ,maison,775000
Boulogne-Billancourt ,appartement,772500
Echirolles ,appartement,118000
Marseille 8ème ,maison,918300
Toulouse ,appartement,194000
Juan les pins ,appartement,270000
Paris 5ème ,appartement,1250000
Echirolles ,appartement,192000
Port-de-Lanne ,maison,317000
Cholet ,maison,269500
Angers ,maison,365000
Chennevieres-sur-marne ,maison,960000
Echirolles ,appartement,149000
Melun ,p,525000
Saint-Sulpice-de-Royan ,maison,477000
Nice ,terrain,300000
Cagnes-sur-Mer ,appartement,634000
Nice ,appartement,188000
Nice ,appartement,235000
Salignac ,maison,247000
Nice ,appartement,549000
Nice ,appartement,217000
Paris 17ème ,appartement,515000
Echirolles ,appartement,183000
Nice ,appartement,365000
La Grande-Motte ,appartement,318000
Beziers ,locaux,246000
Paris 15ème ,appartement,330000
Echirolles ,appartement,254000
Paris 15ème ,locaux,220000
Dommartin-lès-Remiremont ,maison,320000
Cenon ,appartement,280900
Montreuil ,appartement,299990
Echirolles ,appartement,135000
Blois ,maison,292000
Cavaillon ,appartement,173000
Nantes ,maison,340000
L'hay-les-roses ,maison,1090000
Echirolles ,appartement,185000
Peyrehorade ,maison,380000
Le tampon (,appartement,220300
Houdan ,maison,745000
Paris 16ème ,appartement,2620000
Echirolles ,appartement,188000
Paris 11ème ,appartement,232000
Septmoncel ,maison,480000
Albi ,maison,437000
Montblanc ,maison,485000
Enghien-les-Bains ,appartement,743600
Rouffiac-Tolosan ,locaux,90000
Salignac ,maison,211560
Anneyron ,propri,595000
Rochefort-du-Gard ,maison,649000
Versailles ,appartement,897900
Echirolles ,appartement,186000
Saint-Rémy-de-Provence ,maison,2600000
Eysines ,maison,515000
Gap ,appartement,200000
Paris 6ème ,appartement,825000
Echirolles ,appartement,179000
Ecury-sur-Coole ,terrain,7387
Port Leucate ,appartement,105000
Soultzmatt ,maison,169000
Paris 5ème ,appartement,1850000
Echirolles ,appartement,248000
Bordeaux ,maison,2600000
Toulouse ,locaux,575000
Toulon ,locaux,178000
Loix ,maison,1490000
Echirolles ,appartement,181000
Labatut ,maison,300000
Chatellerault ,maison,147000
Les Mathes ,maison,468000
Cormeilles-en-Parisis ,maison,442900
Echirolles ,appartement,131000
Saulzet-le-Froid ,maison,210000
Mirande ,villa,171200
Maureilhan ,maison,270000
Sorède ,maison,99000
Cazarilh ,terrain,16000
Espondeilhan ,maison,570000
Bayon-sur-Gironde ,maison,216780
Etoile-sur-Rhône ,maison,294000
Deauville ,maison,505000
Boulogne-Billancourt ,appartement,495000
Les Herbiers ,appartement,260000
Saint-Crépin-Ibouvillers ,maison,334000
Bordeaux ,appartement,450000
Isse ,maison,160270
Levallois-Perret ,appartement,515000
Echirolles ,appartement,193000
Saint aygulf ,appartement,500000
Saint-Georges-d'Oléron ,maison,1242000
Le Plessis-Trévise ,maison,475000
Asnieres-sur-seine ,appartement,695000
Echirolles ,appartement,130000
Isse ,maison,160658
Isse ,maison,180093
Isse ,maison,157648
Levallois-Perret ,appartement,1030000
Echirolles ,appartement,190000
Mées ,maison,349000
Isse ,maison,163622
Isse ,maison,171141
Puteaux ,appartement,399000
Echirolles ,appartement,184000
Villepinte ,appartement,175000
Le Thoronet ,maison,595000
Bonnemain ,maison,275000
Cherrueix ,ch,3998000
Montmorency ,maison,558000
Courbevoie ,appartement,310000
Bayon-sur-Gironde ,maison,265440
Saint-Sauveur-en-Puisaye ,maison,210000
Unieux ,maison,241000
Neuilly-sur-Seine ,appartement,1195000
Echirolles ,appartement,243000
Bergerac ,appartement,198000
Montelimar ,appartement,199000
Bellaing ,maison,143000
Boulogne-Billancourt ,appartement,430000
Echirolles ,appartement,177000
Orleans ,appartement,99000
Nantes ,appartement,574900
Gretz-Armainvilliers ,maison,426000
Paris 16ème ,appartement,2860000
Echirolles ,appartement,175000
Fourneaux ,maison,395000
Aspremont ,maison,225000
Lamonzie-Saint-Martin ,maison,448000
Pin-Balma ,maison,1090000
Echirolles ,appartement,182000
Polliat ,maison,290000
Lyon 7ème ,locaux,260000
Modane ,locaux,130000
Carqueiranne ,locaux,832000
Echirolles ,appartement,193000
Cognin-les-Gorges ,appartement,126000
Saint-Sorlin-en-Valloire ,maison,295000
Froges ,maison,260000
Aix-en-Othe ,maison,299000
Bas-en-Basset ,maison,299000
Fillinges ,maison,930000
Mont-de-Marsan ,maison,331280
Vif ,maison,450000
Bergerac ,terrain,49000
Ales ,maison,367500
Echirolles ,appartement,213000
Chatuzange-le-Goubet ,locaux,66000
Malvalette ,maison,269000
Bas-en-Basset ,maison,199000
Les Gets ,appartement,1210000
Echirolles ,appartement,186000
Vernoil-le-Fourrier ,maison,147094
Chatellerault ,maison,185500
Belves ,maison,614000
Porto-Vecchio ,maison,1150000
Echirolles ,appartement,189000
Saint-Martin-le-Vinoux ,maison,1580000
Villard-de-Lans ,appartement,124900
Plaisance ,maison,522000
Mougins ,villa,1166000
Echirolles ,appartement,126000
Marcilly-sur-Vienne ,maison,218000
Cogolin ,duplex,360000
Montguers ,maison,510000
Vallauris ,villa,1690000
Echirolles ,appartement,128000
Saint-Jean-Trolimon ,maison,219000
Pruniers-en-Sologne ,maison,220500
Saint aygulf ,villa,850000
Saint-François-Longchamp ,appartement,115000
Vienne ,appartement,145000
Faux ,maison,147000
Héricy ,maison,233900
Echirolles ,appartement,210000
Faverges ,locaux,532000
Paris 11ème ,appartement,735000
Echirolles ,appartement,189000
Bas-en-Basset ,maison,128000
Cognin ,appartement,135000
Saint-Martin-d'Uriage ,terrain,205000
Evreux ,maison,211000
Echirolles ,appartement,191000
Reims ,appartement,189000
Munster ,locaux,54500
Pont-de-Vaux ,maison,380000
Coueron ,maison,730500
Echirolles ,appartement,232000
Romans-sur-isere ,appartement,305000
Monistrol-sur-Loire ,maison,239000
Grenoble ,appartement,130000
Sainte-Luce-sur-Loire ,maison,535000
Echirolles ,appartement,176000
Saint-Avertin ,maison,455000
Bas-en-Basset ,maison,365000
Saint-martin-d'heres ,locaux,380000
Paris 6ème ,appartement,560000
Echirolles ,appartement,227000
Saint-Didier-en-Velay ,appartement,29000
Restigné ,maison,168719
Restigné ,maison,173223
Beaupréau ,maison,184684
Beaupréau ,maison,166072
Yzernay ,maison,151167
Héricy ,maison,238900
Crosmières ,maison,129175
Bazouges-sur-le-Loir ,maison,129499
La Rochelle ,appartement,1850000
Echirolles ,appartement,181000
Ychoux ,maison,256151
Ychoux ,maison,257379
Ychoux ,maison,259703
Beaune ,appartement,360000
Echirolles ,appartement,129000
Aulnay-la-Rivière ,maison,227000
Lignan-de-Bordeaux ,maison,428000
Gond-Pontouvre ,maison,23000
Les Gets ,propri,1990000
Echirolles ,appartement,171000
Ychoux ,maison,246986
Ychoux ,maison,251759
Ychoux ,maison,241283
Aix-en-Provence ,maison,1950000
Echirolles ,appartement,167000
Saint-Avertin ,maison,472000
Labouheyre ,maison,241064
Labouheyre ,maison,233129
Marseille 8ème ,appartement,1150000
Echirolles ,appartement,126000
Ychoux ,maison,262187
Labouheyre ,maison,236244
Labouheyre ,maison,226110
Saint-Paul-lès-Dax ,maison,413816
Saint-Paul-lès-Dax ,maison,524384
Saint-Paul-lès-Dax ,maison,611104
Héricy ,maison,262900
Saint-Paul-lès-Dax ,maison,336500
Saint-Paul-lès-Dax ,maison,268686
Aix-en-Provence ,villa,2100000
Echirolles ,appartement,166000
Saint-Paul-lès-Dax ,maison,282880
Saint-Paul-lès-Dax ,maison,292244
Moulis-en-Médoc ,maison,268144
Rayol-Canadel-sur-Mer ,maison,936000
Echirolles ,appartement,198000
La Ciotat ,appartement,395000
Savigny-sous-Faye ,maison,209000
Soisy-sur-Seine ,maison,579900
Rayol-Canadel-sur-Mer ,maison,2625000
Echirolles ,appartement,165000
Moulis-en-Médoc ,maison,248944
Moulis-en-Médoc ,maison,251721
Moulis-en-Médoc ,maison,275989
Le Lavandou ,villa,1898000
Echirolles ,appartement,164000
Semblançay ,maison,285600
Cavignac ,maison,194965
Cavignac ,maison,199446
Cavalaire-sur-Mer ,maison,840000
Echirolles ,appartement,171000
Cavignac ,maison,193131
Cubnezais ,maison,224092
Gauriaguet ,maison,242546
Gauriaguet ,maison,224944
Gauriaguet ,maison,247172
Cubnezais ,maison,212153
Héricy ,maison,234900
Cars ,maison,190137
Cars ,maison,185658
Paris 16ème ,appartement,800000
Echirolles ,appartement,109000
Cartelègue ,maison,234096
Cartelègue ,maison,251144
Cartelègue ,maison,250044
Paris 16ème ,appartement,913000
Echirolles ,appartement,174000
Bagnères-de-Bigorre ,locaux,36500
Dinan ,viager,71250
Clefs ,maison,144500
Paris 10ème ,appartement,1260000
Echirolles ,appartement,123000
Cartelègue ,maison,239128
Cars ,maison,207059
Cars ,maison,238199
Clamart ,maison,2100000
Echirolles ,appartement,237000
Semblançay ,maison,364400
Montussan ,maison,287833
Montussan ,maison,287788
Paris 7ème ,appartement,2590000
Echirolles ,appartement,118000
Montussan ,maison,282721
Neuilly-sur-Seine ,appartement,175000
Neuilly-sur-Seine ,appartement,332500
Rennes ,appartement,1280000
Paris 17ème ,appartement,520000
Saint-Laurent-du-Var ,locaux,900000
Montcourt-Fromonville ,maison,327900
Espaly-Saint-Marcel ,maison,286000
Paris 4ème ,appartement,650000
Paris 16ème ,appartement,228000
Echirolles ,appartement,239000
Soyons ,maison,198000
Menton ,appartement,320000
Vézelay ,maison,525000
Paris 15ème ,appartement,670000
Echirolles ,appartement,168000
Sainte-genevieve-des-bois ,maison,462485
Saint-Michel ,maison,235000
Asnieres-sur-seine ,appartement,649000
Paris 17ème ,appartement,1990000
Echirolles ,appartement,211000
Villeneuve-le-Roi ,maison,365000
Hyeres ,maison,430000
Villegly ,maison,278000
Paris 15ème ,appartement,475000
Echirolles ,appartement,198000
Semblançay ,maison,348400
Chalon-sur-saone ,appartement,84000
Mesnil-Saint-Père ,maison,349000
Paris 15ème ,appartement,640000
Echirolles ,appartement,159000
Mesnil-Saint-Père ,maison,349000
Servon-sur-Vilaine ,maison,177800
Noyal-sur-Vilaine ,maison,251500
Acigné ,maison,315000
Thorigné-Fouillard ,maison,345500
Acigné ,maison,335360
Marolles-en-Hurepoix ,maison,420900
Thorigné-Fouillard ,maison,346500
Noyal-sur-Vilaine ,maison,343200
Neuilly-sur-Seine ,appartement,1095000
Echirolles ,appartement,167000
Rennes ,maison,446250
Lécousse ,maison,294000
Landéan ,maison,173250
Neuilly-sur-Seine ,appartement,1920000
Echirolles ,appartement,219000
Montesquieu-Volvestre ,terrain,54000
Montevrain ,appartement,240000
Riviere salee (,maison,489000
Neuilly-sur-Seine ,appartement,1295000
Lyon 8ème ,appartement,388500
Villamée ,maison,189900
Fougeres ,maison,273000
Montours ,maison,369200
Neuilly-sur-Seine ,appartement,598000
Lyon 8ème ,appartement,379500
Sainte-Maure-de-Touraine ,maison,192000
Saint-Germain-en-Coglès ,maison,288750
Dompierre-du-Chemin ,maison,144900
Neuilly-sur-Seine ,appartement,1040000
Lyon 8ème ,appartement,409500
Fougeres ,maison,682500
Fougeres ,maison,248850
Beaucé ,maison,362250
Villamée ,maison,252000
Dompierre-du-Chemin ,maison,366450
Le chatellier ,maison,344400
Briis-sous-Forges ,maison,359900
Romagne ,maison,252000
Lécousse ,maison,325500
Neuilly-sur-Seine ,appartement,1030000
Lyon 8ème ,appartement,353500
Luitré ,maison,225750
Saint-Germain-en-Coglès ,maison,250950
Fleurigné ,maison,419895
Neuilly-sur-Seine ,appartement,1500000
Gardanne ,appartement,467002
Saint-raphael ,appartement,1300000
Collobrières ,maison,319000
Maël-Carhaix ,maison,158250
Levallois-Perret ,appartement,860000
Gardanne ,appartement,315001
Fougeres ,appartement,262500
Fougeres ,maison,179900
Louvigné-du-Désert ,maison,540750
Levallois-Perret ,appartement,1380000
Gardanne ,appartement,438002
Cinq-Mars-la-Pile ,maison,218400
Laignelet ,maison,420000
Landéan ,maison,357000
Neuilly-sur-Seine ,appartement,539000
Gardanne ,appartement,340001
Fougeres ,appartement,149900
Louvigné-du-Désert ,maison,189900
Louvigné-du-Désert ,maison,273000
Fougeres ,maison,273000
Romagne ,maison,189900
Fougeres ,appartement,117500
Mantes-la-Ville ,maison,424900
Rennes ,appartement,122500
Noyal-Châtillon-sur-Seiche ,appartement,346500
Neuilly-sur-Seine ,appartement,760000
Gardanne ,appartement,388002
Vern-sur-Seiche ,maison,315000
Noyal-Châtillon-sur-Seiche ,maison,330750
Orgeres ,maison,260400
Neuilly-sur-Seine ,appartement,1450000
Gardanne ,appartement,347001
Saint-Cyprien ,maison,349000
Beaune ,maison,465000
Tilloy-et-Bellay ,maison,156132
Levallois-Perret ,appartement,1550000
Gardanne ,appartement,392002
Chartres-de-Bretagne ,maison,319200
Noyal-Châtillon-sur-Seiche ,appartement,149900
Noyal-Châtillon-sur-Seiche ,maison,344990
Boulogne-Billancourt ,appartement,1290000
Gardanne ,appartement,343001
Azay-sur-Cher ,maison,286950
Chartres-de-Bretagne ,maison,235000
Pont-Péan ,maison,472500
Neuilly-sur-Seine ,appartement,1785000
Gardanne ,appartement,318001
Pont-Péan ,maison,493500
Chantepie ,appartement,210000
Chantepie ,maison,416000
Chantepie ,maison,364000
Chantepie ,appartement,230000
Chantepie ,maison,513000
Pussay ,maison,255900
Chantepie ,appartement,149000
Chantepie ,maison,579000
Neuilly-sur-Seine ,appartement,1535000
Gardanne ,appartement,387002
Chantepie ,appartement,220500
Paris 14ème ,appartement,640000
Chantepie ,maison,440000
Neuilly-sur-Seine ,appartement,630000
Gardanne ,appartement,347001
Soissons ,maison,213000
Savigné-sur-Lathan ,maison,213000
L'Albenc ,maison,297320
Paris 16ème ,appartement,1995000
Gardanne ,appartement,307001
Chantepie ,appartement,231000
Chantepie ,appartement,168900
Chantepie ,appartement,225750
Neuilly-sur-Seine ,appartement,3380000
Gardanne ,appartement,257000
Saint-Roch ,maison,300000
Chantepie ,appartement,220500
Rennes ,maison,409500
Neuilly-sur-Seine ,appartement,875000
Gardanne ,appartement,314001
Saint-Jacques-de-la-Lande ,appartement,388500
Rennes ,maison,456750
Rennes ,appartement,159900
Saint-Jacques-de-la-Lande ,appartement,161900
Saint-Jacques-de-la-Lande ,maison,357000
Rennes ,appartement,189900
Évry-Courcouronnes ,maison,253900
Rennes ,maison,549000
Rennes ,appartement,179900
Paris 6ème ,appartement,1795000
Gardanne ,appartement,376001
Rennes ,appartement,202900
Rennes ,maison,577500
Rennes ,appartement,316000
Neuilly-sur-Seine ,appartement,1980000
Gardanne ,appartement,333001
Cheux ,maison,444000
Morsang-sur-Orge ,maison,432000
Quincy-sous-Sénart ,maison,400000
Neuilly-sur-Seine ,appartement,1550000
Gardanne ,appartement,415002
Rennes ,appartement,194900
Rennes ,appartement,169900
Rennes ,appartement,189900
Paris 13ème ,appartement,415000
Viroflay ,appartement,461000
Courçay ,maison,217500
Rennes ,appartement,129900
Rennes ,maison,404250
Paris 16ème ,appartement,6500000
Colombes ,appartement,352000
Rennes ,appartement,119500
Rennes ,appartement,204900
Saint-Jacques-de-la-Lande ,appartement,499000
Saint-Jacques-de-la-Lande ,appartement,509000
Rennes ,appartement,210000
Rennes ,maison,551250
Villeneuve-le-Comte ,maison,317900
Trie-sur-Baïse ,maison,399500
Bruz ,maison,630000
Bordeaux ,maison,1150000
Gleizé ,terrain,160000
Laillé ,maison,420000
Orgeres ,maison,649950
Bruz ,maison,262500
Bordeaux ,maison,960000
Gleizé ,terrain,155000
Cazères-sur-l'Adour ,maison,268200
Chaumont-en-Vexin ,maison,158000
Saint-Aubin-du-Cormier ,maison,161677
Hellering-lès-Fénétrange ,villa,1400000
Gleizé ,terrain,150000
Laillé ,maison,398240
Chavagne ,maison,429450
Noyal-Châtillon-sur-Seiche ,appartement,210000
L'Isle-Jourdain ,maison,575000
Collégien ,maison,395000
Neuillé-Pont-Pierre ,maison,247400
Bruz ,appartement,89500
Vern-sur-Seiche ,appartement,250000
Saint-Marc-Jaumegarde ,maison,1630000
Collégien ,maison,385000
Bruz ,maison,278250
Rennes ,appartement,230000
Guichen ,maison,330750
Chartres-de-Bretagne ,maison,472500
Bruz ,appartement,159900
Lassy ,maison,144900
Crécy-la-Chapelle ,maison,317900
Bruz ,appartement,220500
Bruz ,maison,509250
Nice ,appartement,345000
Collégien ,maison,389000
Saint-Denis ,appartement,273000
Moigny-sur-Ecole ,maison,1850000
Paris 16ème ,appartement,249000
Baden ,maison,1040000
Dinard ,appartement,225400
Cosne-Cours-sur-Loire ,appartement,115000
Marseille 12ème ,appartement,357156
La Jarrie ,maison,595000
Paris 5ème ,appartement,420000
Dinard ,appartement,334300
Veaunes ,locaux,129900
Tournon-sur-Rhône ,appartement,36000
Saint-Donat-sur-l'Herbasse ,maison,145000
Paris 5ème ,appartement,399000
Dinard ,appartement,519000
Saint-Cyr-sur-Loire ,maison,543000
Soorts-Hossegor ,maison,2490000
Crest ,maison,239900
Mareil-Marly ,maison,861000
Dinard ,appartement,228400
Vals-les-Bains ,appartement,119000
Saint-Germain-sur-l'Arbresle ,maison,310000
Montagnac ,maison,98000
Meuzac ,maison,295000
L'Arbresle ,appartement,358000
Saint-Laurent-de-Chamousset ,maison,430000
Lagny-sur-Marne ,maison,327900
Saint-Gilles ,villa,241500
Beziers ,maison,365000
Maisons-Laffitte ,appartement,645000
Dinard ,appartement,276100
Beziers ,appartement,200000
Beziers ,maison,340000
Beziers ,appartement,242000
Saint-Germain-en-Laye ,appartement,892000
Dinard ,appartement,319500
Villeneuve-Loubet ,appartement,441000
Thésée ,maison,315000
Caudebec-les-elbeuf ,maison,223500
Mareil-Marly ,maison,845000
Dinard ,appartement,293400
Beziers ,appartement,110000
Casteljaloux ,maison,399000
Baho ,maison,315000
Paris 7ème ,appartement,1495000
Dinard ,appartement,271500
Sorigny ,maison,369200
Beziers ,appartement,238800
Tremblay-en-France ,appartement,194740
Paris 8ème ,h,12900000
Dinard ,appartement,380700
Perpignan ,appartement,185000
Perpignan ,appartement,177990
Bidart ,maison,840000
Neuville-les-Dames ,maison,199500
Meze ,maison,232000
Saint-Médard-en-Jalles ,villa,995000
Coutevroult ,maison,336900
Toulouse ,maison,349900
Echalas ,maison,314000
Paris 17ème ,appartement,1448000
Dinard ,appartement,408300
Agde ,maison,261000
Marseillan ,maison,364000
Vénéjan ,maison,295000
Neuilly-sur-Seine ,appartement,800000
Dinard ,appartement,291000
Montpellier ,appartement,70327
Le Mesnil-le-Roi ,maison,1100000
Herbignac ,locaux,220400
Paris 16ème ,appartement,3450000
Dinard ,appartement,273900
Bagnols-sur-ceze ,maison,339200
Agde ,maison,884000
Marseillan ,maison,520000
Paris 16ème ,h,3960000
Dinard ,appartement,381500
Saint-Roch ,maison,240000
Marseillan ,maison,572000
Nimes ,propri,1150000
Paris 16ème ,appartement,3270000
Dinard ,appartement,388000
Marseillan ,maison,384000
Saint-Georges-d'Oléron ,maison,325000
Verfeuil ,maison,299000
Ales ,locaux,636000
Rousson ,maison,182000
Ales ,appartement,78000
Lagny-sur-Marne ,maison,308900
Villesèque-des-Corbières ,maison,155000
Villeneuve-les-Corbières ,maison,107000
Paris 16ème ,appartement,3500000
Dinard ,appartement,269400
Bellegarde-sur-Valserine ,appartement,130000
Fraissé-des-Corbières ,maison,76000
Perros-Guirec ,maison,495600
Paris 16ème ,appartement,3380000
Dinard ,appartement,378300
Nantes ,appartement,599000
Saint-Sulpice-et-Cameyrac ,terrain,235400
Cocumont ,maison,249900
Paris 16ème ,appartement,2485000
Dinard ,appartement,377600
Les Sables-d'Olonne ,appartement,299400
Manduel ,villa,351000
Le Bouscat ,appartement,246000
Paris 16ème ,appartement,2750000
Dinard ,appartement,288600
Saint-Roch ,maison,280000
Olonzac ,villa,199000
La Rochelle ,appartement,265000
Paris 16ème ,appartement,2270000
Dinard ,appartement,401800
Aytre ,appartement,292000
Argeliers ,villa,236000
Boussac-Bourg ,maison,140000
Les Vans ,maison,420000
Roche-la-moliere ,appartement,450000
Roujan ,villa,440000
Limours ,maison,213000
Montpellier ,appartement,222600
Vendome ,maison,199000
Paris 16ème ,appartement,2000000
Dinard ,appartement,271600
Casteljaloux ,maison,377000
Les Sables-d'Olonne ,appartement,299900
Les Sables-d'Olonne ,maison,564300
Paris 16ème ,appartement,2190000
Dinard ,appartement,375200
Saint-Eloi ,maison,510000
Etrechy ,maison,285000
Septeme ,maison,319900
Paris 16ème ,appartement,1895000
Dinard ,appartement,374400
Marmande ,maison,153700
Divonne-les-Bains ,maison,1760000
Casteljaloux ,maison,222000
Paris 16ème ,appartement,1660000
Dinard ,appartement,267200
Saint-Roch ,maison,280000
Divonne-les-Bains ,appartement,375000
Marmande ,maison,295000
Paris 16ème ,appartement,1575000
Dinard ,appartement,269400
Casteljaloux ,maison,195000
Uzès ,terrain,135000
Bouligny ,maison,120000
Ormes ,maison,499900
Antibes ,appartement,312000
Nice ,appartement,290000
Limours ,maison,209900
Beausoleil ,appartement,499000
Nice ,appartement,210000
Marnes-la-Coquette ,propri,9600000
Dinard ,appartement,381600
Nice ,appartement,249000
Saint-Laurent-du-Var ,villa,899000
Nice ,appartement,245000
Lege-cap-ferret ,maison,1995000
Dinard ,appartement,286200
Saint-Germain-du-Bois ,locaux,70000
Toulouse ,maison,350000
Porte des Pierres Dorées ,maison,425000
Arcachon ,villa,1040000
Dinard ,appartement,371200
Nice ,appartement,215000
Nice ,appartement,470000
Nice ,appartement,215000
Lege-cap-ferret ,villa,PrixNC
Dinard ,appartement,265000
Notre-Dame-d'Oé ,maison,250000
Nice ,appartement,195000
Nice ,maison,505000
Bourg-la-Reine ,appartement,1780000
Dinard ,appartement,372000
Nice ,appartement,229000
Narbonne ,villa,450000
Ceyreste ,maison,433000
La Ciotat ,appartement,699000
La Ciotat ,appartement,212500
La Ciotat ,appartement,485500
Limours ,maison,212900
La Ciotat ,appartement,262500
Meyrargues ,appartement,181000
Nice ,appartement,249000
Dinard ,appartement,439400
La Ciotat ,appartement,340000
La Ciotat ,appartement,338500
La Ciotat ,locaux,88000
Nice ,appartement,289000
Dinard ,appartement,476800
Sceaux ,appartement,698000
Varetz ,viager,79665
Beziers ,loft,209000
Nice ,appartement,449000
Dinard ,appartement,317400
La Ciotat ,appartement,295000
La Ciotat ,appartement,398000
La Ciotat ,maison,899000
Nice ,appartement,449000
Dinard ,appartement,421600
Notre-Dame-d'Oé ,maison,300000
La Ciotat ,maison,619000
La Ciotat ,maison,821500
Tourrette-Levens ,maison,685000
Dinard ,appartement,244300
La Ciotat ,appartement,349000
Marcilly-en-Gault ,viager,83500
Bellavilliers ,viager,618400
Eauze ,propri,679000
Rochefort ,maison,259000
Rochefort ,maison,247000
Saint-Fargeau-Ponthierry ,maison,260900
Rochefort ,maison,595650
Orsay ,appartement,409000
Nice ,appartement,410000
Dinard ,appartement,304900
Saint-Hippolyte ,maison,230000
Laroque-des-Albères ,maison,316200
Saint-Thibéry ,maison,252900
Nice ,appartement,650000
Dinard ,appartement,374500
Massy ,appartement,177000
Paris 17ème ,appartement,420000
Saint-Vallier ,terrain,25000
Paris 17ème ,appartement,1139000
Dinard ,appartement,268000
Marseillan ,maison,342900
Marseillan ,maison,209900
Marseillan ,maison,273900
Paris 17ème ,appartement,1052000
Dinard ,appartement,418200
Notre-Dame-d'Oé ,maison,330000
Laroque-des-Albères ,maison,450000
Saint-maur-des-fosses ,maison,1540000
Valbonne ,villa,1950000
Dinard ,appartement,265900
Champigny-sur-Marne ,maison,425000
Thorigné-en-Charnie ,maison,120000
Courtils ,maison,147000
Deville-les-rouen ,maison,182000
Brueil-en-Vexin ,maison,365000
Cholet ,maison,319500
Fontenay-Mauvoisin ,maison,324900
Tremblay ,maison,75000
Landeronde ,maison,249500
Paris 9ème ,appartement,275000
Dinard ,appartement,302400
Pont-sur-Yonne ,maison,190000
Saint-Marcel ,maison,169000
Davrey ,maison,180000
Paris 17ème ,appartement,650000
Dinard ,appartement,242400
Joigny ,h,370000
Saint-Paul-le-Jeune ,maison,299000
La plaine des cafres (,maison,268817
Colombes ,maison,1350000
Dinard ,appartement,371500
Larmor-Baden ,maison,820000
Seilh ,maison,520000
Toulon ,appartement,140500
Bordeaux ,maison,569700
Dinard ,appartement,397900
Notre-Dame-d'Oé ,maison,330000
Pontivy ,appartement,119925
Tournefeuille ,appartement,100500
Bordeaux ,appartement,630000
Dinard ,appartement,299900
Signes ,maison,249000
Coligny ,maison,264000
Hyeres ,maison,1198000
Cadouin ,maison,199500
Saint-Gervais-les-Bains ,appartement,129000
Roumazières-Loubert ,maison,129900
Aubergenville ,maison,187900
Nantoin ,maison,429000
Lormont ,maison,750000
La Rochelle ,locaux,999580
Dinard ,appartement,240400
Oust ,maison,55000
Rouen ,appartement,239000
Plerin ,appartement,214000
Roquebrune-Cap-Martin ,villa,6900000
Dinard ,appartement,263700
Chasseneuil-sur-Bonnieure ,maison,440000
Saint-Malo ,appartement,159900
Gujan-Mestras ,appartement,426000
Aix-en-Provence ,maison,2690000
Dinard ,appartement,394500
Bray-Dunes ,maison,228600
Rue ,maison,178000
Sainte-Gemme ,maison,205000
Deauville ,maison,785000
Dinard ,appartement,368400
Notre-Dame-d'Oé ,maison,330000
Ludon-Médoc ,maison,330000
Marseille 8ème ,appartement,238000
Paris 18ème ,appartement,3045000
Dinard ,appartement,236500
Condom ,maison,98000
Tours ,appartement,145000
Pouzols ,maison,395000
Morlaix ,maison,242000
Chateaurenard ,maison,210000
Erquy ,maison,353900
Fontenay-Mauvoisin ,maison,358900
Pimprez ,maison,183000
Beauchamp ,appartement,365000
Paris 9ème ,appartement,1495000
Dinard ,appartement,295400
Charbonnières-les-Vieilles ,maison,262000
Tulle ,maison,267000
Chantérac ,maison,185000
Rueil-Malmaison ,maison,1545000
Dinard ,appartement,259600
La Jarrie ,maison,598785
La Brède ,maison,850000
Bonneuil-Matours ,maison,218886
Chambourcy ,maison,1550000
Dinard ,appartement,365300
Boulogne-Billancourt ,appartement,680000
Plancoët ,maison,178500
La Boissière-de-Montaigu ,maison,280000
Levallois-Perret ,appartement,1495000
Dinard ,appartement,374300
Mettray ,maison,430000
Ambert ,maison,60000
Rivesaltes ,maison,398000
Marseille 9ème ,appartement,360000
Dinard ,appartement,198800
Remire Montjoly (,maison,409000
Lille ,maison,159000
Perpignan ,appartement,59000
Orbec ,maison,68900
Camblanes-et-Meynac ,maison,292000
La Turballe ,maison,381500
Nogent-le-Roi ,maison,272400
Rieumes ,maison,285000
Paris 7ème ,appartement,599000
Neuilly-sur-Seine ,appartement,1390000
Dinard ,appartement,559700
Nans-les-Pins ,maison,532000
Saint-Jean-Lasseille ,maison,265000
Charquemont ,maison,490000
Paris 16ème ,appartement,3600000
Dinard ,appartement,411100
Condette ,appartement,222900
Le Fel ,viager,178560
Ully-Saint-Georges ,maison,327300
Paris 16ème ,appartement,625000
Dinard ,appartement,394700
Nantes ,maison,550000
Eragny sur oise ,maison,384900
Boissy-saint-leger ,maison,396000
Paris 16ème ,appartement,1480000
Dinard ,appartement,277400
Savigné-sur-Lathan ,maison,185500
Castres ,maison,264000
Niort ,maison,210000
Paris 16ème ,appartement,1380000
Dinard ,appartement,405000
Lacrost ,maison,169000
Ollioules ,maison,1249000
Les abymes (,appartement,182000
Locquirec ,maison,253000
Villedieu-sur-Indre ,maison,229000
Castelginest ,maison,345000
Nemours ,maison,198900
Canteleu ,locaux,580000
Aubagne ,maison,790000
Lege-cap-ferret ,maison,1869000
Dinard ,appartement,383800
Allevard ,appartement,220000
Briançon ,maison,210000
Cholet ,appartement,169900
Lege-cap-ferret ,maison,1590000
Dinard ,appartement,275100
Calais ,maison,241000
Nancy ,villa,779000
Limoges ,locaux,66000
Lege-cap-ferret ,maison,2184000
Dinard ,appartement,391500
Navarrenx ,maison,230000
Coux-et-Bigaroque ,terrain,45000
Rioux-Martin ,maison,158000
Paris 17ème ,appartement,1345000
Dinard ,appartement,272900
Château-Renault ,maison,271500
Figanières ,maison,399000
Durtal ,maison,136000
Paris 16ème ,appartement,1295000
Dinard ,appartement,378200
Livry-Gargan ,appartement,139000
Chaligny ,maison,249000
Rosnay ,maison,435000
Lieuran-lès-Béziers ,maison,345000
Goussonville ,maison,419000
Signes ,appartement,159000
Sainte-genevieve-des-bois ,maison,137900
Beziers ,maison,175000
Tauriac ,maison,192000
La Roche-sur-Yon ,ch,3360000
Dinard ,appartement,270600
Les Brouzils ,maison,176600
Villeneuve-sur-Yonne ,maison,55000
Fort de france (,appartement,176550
Pornichet ,maison,PrixNC
Dinard ,appartement,388200
Chauffailles ,maison,250000
Saint-Geniès ,propri,728000
Castelginest ,maison,233200
Quiberon ,villa,2600000
Dinard ,appartement,375100
Angers ,maison,455610
Bourgueil ,maison,257307
Bourgueil ,maison,311687
Nantes ,h,2625000
Dinard ,appartement,401700
Parçay-Meslay ,maison,277000
Bourgueil ,maison,363462
Bourgueil ,maison,290603
La Roche-sur-Yon ,ch,1716000
Dinard ,appartement,371900
Bourgueil ,maison,331895
Restigné ,maison,202958
Restigné ,maison,206310
Restigné ,maison,215248
Restigné ,maison,246518
Restigné ,maison,235749
Fontenay-Mauvoisin ,maison,374900
Restigné ,maison,172794
Chasseneuil-du-Poitou ,maison,270718
Noirmoutier-en-l'Ile ,villa,2070000
Dinard ,appartement,398300
Chasseneuil-du-Poitou ,maison,369892
Nouaillé-Maupertuis ,maison,198913
Nouaillé-Maupertuis ,maison,248693
Nantes ,maison,638000
Dinard ,appartement,385600
Target ,maison,220000
Ouzouer-le-Marché ,maison,44800
Savigny-sur-Orge ,maison,799000
La Baule-Escoublac ,villa,1490000
Sainte-Foy-l'Argentière ,appartement,242000
Nouaillé-Maupertuis ,maison,308552
Nouaillé-Maupertuis ,maison,306895
Nouaillé-Maupertuis ,maison,218730
Saumur ,h,1379700
Sainte-Foy-l'Argentière ,appartement,145000
Truyes ,maison,295000
Nouaillé-Maupertuis ,maison,295155
Nouaillé-Maupertuis ,maison,218378
La Montagne ,maison,648000
Sainte-Foy-l'Argentière ,appartement,190000
Nouaillé-Maupertuis ,maison,236416
Chasseneuil-du-Poitou ,maison,239448
Chasseneuil-du-Poitou ,maison,330308
Chasseneuil-du-Poitou ,maison,331795
Chasseneuil-du-Poitou ,maison,243278
Chasseneuil-du-Poitou ,maison,320055
Nemours ,maison,289900
Chasseneuil-du-Poitou ,maison,302990
Beaupréau ,maison,249746
Chateaubriant ,maison,615000
Tassin-la-Demi-Lune ,appartement,680000
Beaupréau ,maison,290155
Beaupréau ,maison,197831
Beaupréau ,maison,300408
Derval ,manoir,635000
Vif ,appartement,214000
Ostwald ,maison,289900
Charmes-sur-Rhône ,maison,399000
Pruniers-en-Sologne ,maison,416577
Nantes ,maison,1295000
Vif ,appartement,340000
Yzernay ,maison,182854
Yzernay ,maison,233908
Yzernay ,maison,187556
Noirmoutier-en-l'Ile ,propri,1295000
Vif ,appartement,356000
Saint-Quentin-sur-Indrois ,maison,206000
Bazouges-sur-le-Loir ,maison,236464
Bazouges-sur-le-Loir ,maison,204549
Grand-Fougeray ,manoir,635000
Vif ,appartement,278000
Bazouges-sur-le-Loir ,maison,215318
Crosmières ,maison,205307
Crosmières ,maison,178610
Crosmières ,maison,208049
Paris 6ème ,appartement,2345000
Paris 17ème ,appartement,1005000
Pierrelaye ,maison,402900
Pendé ,maison,173250
Rives-en-Seine ,maison,204750
Nantes ,maison,1136300
Vif ,appartement,443000
Yvetot ,maison,280000
Ribemont-sur-Ancre ,terrain,96000
Molliens-Dreuil ,maison,249000
Saint-Révérend ,maison,577000
Vif ,appartement,316000
Belfort ,appartement,85000
Tarbes ,terrain,45000
Compiegne ,viager,36950
Saint-Gilles-Croix-de-Vie ,maison,1260000
Vif ,appartement,214000
Saint-Herblain ,appartement,210000
Nantes ,appartement,120000
Nantes ,maison,648000
Saint-Christophe-du-Ligneron ,ch,1155000
Vif ,appartement,298000
Saint-Georges-sur-Cher ,maison,278000
Nantes ,appartement,229900
Saint-Herblain ,appartement,259350
Nantes ,maison,1102500
Vif ,appartement,285000
Nantes ,appartement,149900
Nantes ,appartement,249500
Bouguenais ,maison,378000
Nantes ,maison,445000
Nantes ,appartement,137500
Nantes ,appartement,150000
Pierrelaye ,maison,402900
Basse-Goulaine ,maison,599950
Saint-Nazaire ,appartement,294000
Nantes ,maison,999000
Vif ,appartement,204000
Nantes ,maison,577500
Nantes ,appartement,179900
Nantes ,appartement,77500
Lyon 3ème ,maison,1350000
Vif ,appartement,229000
Montreuil ,appartement,339000
Sète ,appartement,488800
Nantes ,appartement,353000
Limoges ,ch,1285000
Vif ,appartement,332000
Nantes ,appartement,219900
Nantes ,appartement,189900
Nantes ,appartement,189900
Limoges ,ch,1490000
Vif ,appartement,280000
La Chapelle-Vendômoise ,maison,255000
Nantes ,maison,645750
Sainte-Luce-sur-Loire ,appartement,314400
Limoges ,propri,580000
Vif ,appartement,288000
Nantes ,maison,509600
Chalon-sur-saone ,appartement,49000
Vigneux-sur-Seine ,appartement,269001
Clamart ,appartement,482320
Montlhéry ,appartement,422000
Ivry-sur-Seine ,appartement,333000
Sarcelles ,maison,323900
Villemoisson-sur-Orge ,appartement,287000
Thiais ,appartement,322000
Limoges ,appartement,395000
Vif ,appartement,211000
Villabé ,maison,324000
Vanves ,appartement,422000
Évry-Courcouronnes ,appartement,151042
Limoges ,propri,880000
Vif ,appartement,277000
Audenge ,maison,368544
Andernos-les-Bains ,maison,571400
Castelnau-le-Lez ,appartement,225000
Juan les pins ,villa,2950000
Vif ,appartement,400000
Bretigny-sur-orge ,appartement,224000
Juvisy-sur-Orge ,appartement,223000
Arpajon ,appartement,229000
Annecy ,maison,880000
Vif ,appartement,227000
Veigné ,maison,370000
Évry-Courcouronnes ,appartement,244355
Massy ,appartement,245052
Cannes ,appartement,1860000
Vif ,appartement,270000
Le Mée-sur-Seine ,appartement,139000
Juvisy-sur-Orge ,appartement,264000
Epinay-sur-Orge ,appartement,249245
Creteil ,appartement,250600
Illzach ,appartement,188000
Paris 6ème ,appartement,375000
Sarcelles ,maison,323900
Ensisheim ,maison,232000
Sessenheim ,maison,298000
Paris 11ème ,appartement,320000
Vif ,appartement,260000
Rennes ,appartement,985000
Vincennes ,appartement,580000
Courbevoie ,appartement,545000
Courbevoie ,appartement,504000
Vif ,appartement,270000
Cenon-sur-Vienne ,maison,221307
La Suze-sur-Sarthe ,maison,199500
Le Malesherbois ,maison,527000
Paris 10ème ,appartement,750000
Vif ,appartement,216000
Suresnes ,appartement,795000
Saint-Maurice-en-Rivière ,maison,75000
Tresson ,maison,75500
Paris 12ème ,appartement,900000
Vif ,appartement,284000
Maille ,maison,223000
Creteil ,appartement,349000
Saint-maur-des-fosses ,appartement,349000
L'hay-les-roses ,maison,445000
Vif ,appartement,274000
Paris 16ème ,appartement,1071000
Epaignes ,locaux,203500
Colombes ,maison,975000
Mézières-en-Drouais ,maison,478000
Lagny-sur-Marne ,appartement,219000
Cannes ,appartement,285000
Sarcelles ,maison,329900
Marseille 8ème ,maison,590000
La Garenne-Colombes ,appartement,790000
Paris 9ème ,appartement,357000
Vif ,appartement,218000
Les Clayes-sous-Bois ,maison,399000
Saint-Cyr-l'Ecole ,appartement,336000
Narbonne ,appartement,235000
Paris 11ème ,appartement,450000
Vif ,appartement,206000
Luzillé ,maison,188871
Albi ,maison,390000
Saint-Jean-de-Monts ,maison,212000
Paris 12ème ,appartement,430000
Vif ,appartement,254000
Saint-maur-des-fosses ,maison,650000
Blonville-sur-Mer ,maison,735000
Paris 19ème ,appartement,470000
Paris 12ème ,appartement,945000
Vif ,appartement,263000
Crouzilles ,maison,202000
Bordeaux ,maison,458000
Sainte-Maxime ,appartement,470000
Paris 17ème ,appartement,1695000
Vif ,appartement,391000
La Varenne Saint Hilaire ,maison,650000
Le Cannet ,appartement,395000
Saint-Martin-d'Ordon ,maison,190000
Enghien-les-Bains ,appartement,298000
Bron ,maison,549000
Villejuif ,appartement,299000
Sarcelles ,maison,321900
Montpellier ,appartement,400000
Villepreux ,maison,369000
Pleumeur-Bodou ,maison,884000
Vif ,appartement,260000
Paris 9ème ,appartement,520000
Sceaux ,appartement,740000
Argenteuil ,maison,349900
Merignac ,maison,595000
Vif ,appartement,215000
Pornic ,appartement,582000
Ales ,maison,239000
Plombières-lès-Dijon ,locaux,490000
Bordeaux ,maison,985000
Vif ,appartement,200000
Trappes ,appartement,249000
Paris 15ème ,appartement,335000
Versailles ,appartement,1190000
Bordeaux ,appartement,927000
Vif ,appartement,272000
Azay-le-Rideau ,maison,281000
Paris 5ème ,appartement,267500
Paris 7ème ,appartement,730000
Durtol ,ch,2404500
Vif ,appartement,211000
Marseille 2ème ,viager,215000
Paris 16ème ,appartement,4690000
Paris 6ème ,appartement,580000
Paris 11ème ,appartement,1295000
Rennes ,appartement,1180000
Sainte-Maxime ,appartement,209000
Sarcelles ,maison,319900
Charbonnières-les-Bains ,appartement,538000
Sourcieux-les-Mines ,villa,499000
Pont-du-Château ,maison,995000
Vif ,appartement,305000
La Tour-de-Salvagny ,appartement,528000
La Tour-de-Salvagny ,appartement,310000
Annecy ,appartement,255000
Clermont-Ferrand ,maison,1150000
Vif ,appartement,280000
Rinxent ,maison,203500
Port-Vendres ,appartement,382000
Sartrouville ,maison,500000
Paris 17ème ,appartement,300000
Vif ,appartement,410000
Cabries ,maison,519600
Boussais ,maison,39640
Le Perreux-sur-Marne ,maison,795000
Mougins ,terrain,964800
Vif ,appartement,251000
Richelieu ,maison,217000
Tours ,maison,280000
Pontault-Combault ,appartement,259000
Asnieres-sur-seine ,appartement,1150000
Toulouse ,appartement,233750
Paris 16ème ,appartement,770000
Ribécourt-Dreslincourt ,maison,169000
Colombes ,appartement,335000
La Motte-de-Galaure ,maison,460000
Courbevoie ,appartement,500000
Nyons ,maison,495000
Bretignolles-sur-Mer ,maison,361900
Rueil-Malmaison ,appartement,599000
Paris 20ème ,appartement,310000
Paris 17ème ,appartement,1863000
Bassens ,appartement,440000
Soisy-sous-Montmorency ,appartement,199000
Viroflay ,maison,1650000
Fontenay-le-Fleury ,appartement,219000
Paris 17ème ,appartement,799000
Perigny ,maison,399000
Poilly-lez-Gien ,maison,108000
Mercury ,maison,480000
Issigeac ,maison,208000
Paris 17ème ,appartement,940000
Le Blanc-Mesnil ,appartement,299000
Saint-Ouen-l'Aumône ,appartement,234000
Paris 4ème ,appartement,1590000
Vineuil ,maison,315000
Paris 8ème ,appartement,1070000
Poitiers ,appartement,182000
Bourgueil ,maison,239000
Saint-Clément-de-Rivière ,maison,675000
Chambly ,appartement,105000
Courbevoie ,appartement,790000
Le Blanc-Mesnil ,appartement,299000
Meudon ,appartement,549000
Saint-maur-des-fosses ,maison,880000
Versailles ,appartement,850000
Chatelaillon-plage ,appartement,319000
L'Etang-la-Ville ,appartement,390000
Issy-les-Moulineaux ,appartement,280000
Bretignolles-sur-Mer ,maison,314900
Paris 17ème ,appartement,1148000
Paris 15ème ,appartement,810000
Paris 17ème ,appartement,336000
Le Blanc-Mesnil ,appartement,309000
Arboussols ,maison,645000
Orgeval ,maison,1090000
Saint-raphael ,appartement,471000
Paris 16ème ,appartement,1295000
Le Blanc-Mesnil ,appartement,284500
Ouarville ,maison,199000
Ussel ,maison,70000
Montpellier ,appartement,680000
Nyons ,villa,420000
Le Blanc-Mesnil ,appartement,239000
La Tour-de-Salvagny ,appartement,320000
La Tour-de-Salvagny ,appartement,850000
Royan ,appartement,253600
Neuilly-sur-Seine ,appartement,1435000
Le Blanc-Mesnil ,appartement,249000
Dolus-le-Sec ,maison,256000
Xonrupt-Longemer ,maison,550000
Quimper ,maison,594000
Paris 17ème ,appartement,3485000
Le Blanc-Mesnil ,appartement,292000
Plobannalec-Lesconil ,maison,259700
Tours ,parking,24200
La Bouilladisse ,maison,519000
Marseille 8ème ,appartement,380000
Marseille 8ème ,appartement,750000
Marseille 8ème ,appartement,779000
Bretignolles-sur-Mer ,maison,332900
Marseille 8ème ,appartement,799000
Marseille 9ème ,appartement,274000
Rabastens ,maison,345000
Toulouse ,appartement,235000
Marseille 9ème ,appartement,370000
Marseille 9ème ,appartement,387000
Marseille 10ème ,appartement,190000
Saint-Léger-des-Bois ,maison,349030
Lattes ,appartement,274900
Fontenay-Mauvoisin ,maison,499000
Le cap d'agde ,appartement,249000
Peyrilhac ,maison,253866
Avrille ,maison,473200
Le Blanc-Mesnil ,appartement,246000
Marseille 10ème ,appartement,210000
Marseille 10ème ,appartement,260000
Marseille 11ème ,appartement,605000
Avrille ,maison,399984
Pruillé-le-Chétif ,appartement,PrixNC
Ciran ,maison,240000
Marseille 11ème ,appartement,270000
Marseille 11ème ,appartement,350000
Angers ,maison,483000
Tours ,appartement,PrixNC
Marseille 10ème ,villa,485000
La Celle-Saint-Cloud ,appartement,370000
Paris 18ème ,appartement,1220000
La Celle-Saint-Cloud ,appartement,295000
Saint-Avé ,maison,699000
Croissy-sur-Seine ,maison,968000
Olonne-sur-Mer ,maison,352700
Bailly ,maison,845000
Noisy-le-Roi ,maison,630000
Angers ,duplex,659880
Tours ,appartement,PrixNC
Louveciennes ,appartement,625000
Noisy-le-Roi ,maison,1090000
Bougival ,appartement,330000
Nice ,appartement,1260000
Tours ,appartement,PrixNC
Poix-du-Nord ,maison,76000
Baudres ,maison,217000
Vaucresson ,propri,2990000
Paris 16ème ,appartement,1450000
La Queue-en-Brie ,appartement,PrixNC
Paris 10ème ,appartement,99000
Paris 10ème ,appartement,240000
Marseille 13ème ,appartement,120000
Paris 16ème ,appartement,1287000
Montpellier ,appartement,260000
Savigné-sur-Lathan ,maison,215000
Marseille 13ème ,appartement,130000
Paris 10ème ,appartement,341000
Villefranche-sur-Mer ,maison,3480000
Montpellier ,appartement,425000
Marseille 14ème ,appartement,179000
Marseille 8ème ,appartement,215000
Marseille 8ème ,locaux,845000
Paris 10ème ,appartement,470000
Bourg-les-valence ,appartement,133000
Guilherand-Granges ,appartement,173000
Arras ,maison,238900
Valence ,maison,239000
Valence ,appartement,230000
Paris 16ème ,appartement,1595000
Montpellier ,appartement,133000
Bourg-les-valence ,maison,397000
Bourg-les-valence ,maison,305000
Mirabel-et-Blacons ,maison,315000
Paris 16ème ,appartement,1295000
Montpellier ,appartement,136100
Montauban ,maison,263000
Moncontour ,maison,69000
Bourges ,maison,470000
Paris 17ème ,appartement,800000
Montpellier ,appartement,400000
Malissard ,maison,540000
La Roche-de-Glun ,maison,530000
Valence ,maison,315000
Paris 17ème ,appartement,950000
Montpellier ,appartement,130500
Chambourg-sur-Indre ,maison,217000
Saint-Just-de-Claix ,maison,950000
Le Muy ,maison,273000
Paris 17ème ,appartement,1120000
Montpellier ,appartement,438001
Rouen ,appartement,97000
Charron ,maison,231500
Verchaix ,appartement,191000
Besançon ,maison,430000
Saint-Rémy-de-Provence ,maison,615000
Grimaud ,appartement,179000
Lille ,maison,456900
Condom ,maison,678000
Gisors ,maison,169000
Paris 17ème ,appartement,2290000
Montpellier ,appartement,137900
La Plagne ,appartement,580000
Chauvigny ,maison,362680
Chauvigny ,maison,215500
Maureillas-las-Illas ,propri,270000
Montpellier ,appartement,136400
Le Blanc ,maison,319000
La Valette-du-Var ,propri,1880000
Cucuron ,terrain,225000
Trelaze ,appartement,299250
Montpellier ,appartement,131200
Nice ,appartement,449400
Nice ,appartement,330000
Saint-Vincent-de-Tyrosse ,maison,299000
Nice ,appartement,1260000
Rillieux-la-Pape ,appartement,420853
L'Ile-Bouchard ,maison,245000
Livry-Gargan ,appartement,169000
Les Clouzeaux ,maison,430000
Paris 5ème ,appartement,1880000
Rillieux-la-Pape ,appartement,442464
Paris 17ème ,appartement,135000
Asnières-sur-Oise ,maison,336000
Carpentras ,locaux,530000
Mulhouse ,appartement,124000
Gonfaron ,maison,175000
Noailles ,appartement,290000
Arras ,maison,447900
Vincennes ,appartement,795000
Mulhouse ,appartement,58000
Paris 13ème ,appartement,1575000
Montpellier ,appartement,134400
Angers ,appartement,637000
Paris 15ème ,parking,19990
Paris 15ème ,appartement,450000
Paris 14ème ,appartement,1750000
Montpellier ,appartement,135400
Eygurande-et-Gardedeuil ,maison,160615
Puyricard ,appartement,525300
Hendaye ,appartement,250000
Saint-Jorioz ,maison,843000
Rillieux-la-Pape ,appartement,294597
Lumio ,villa,1470000
Saint-Clément-de-Rivière ,maison,592800
Chateauroux ,appartement,78148
Paris 15ème ,appartement,410000
Rillieux-la-Pape ,appartement,296872
Saint-Martin-le-Beau ,maison,275000
Mézières-sur-Couesnon ,maison,289000
Saint-Brice-en-Coglès ,maison,158999
Paris 6ème ,appartement,2700000
Montpellier ,appartement,291000
Rochefort-du-Gard ,maison,345000
Marsillargues ,maison,172000
Bordeaux ,maison,1596000
Salon-de-Provence ,maison,669800
Versailles ,appartement,285000
Cugny ,maison,76900
Lille ,maison,243900
Montpellier ,appartement,225000
Doué-en-Anjou ,maison,574750
Paris 18ème ,appartement,850000
Montpellier ,appartement,134100
Doué-en-Anjou ,maison,649000
Doué-en-Anjou ,maison,183000
Doué-en-Anjou ,maison,179350
Boulogne-Billancourt ,appartement,585000
Montpellier ,appartement,130200
Limonest ,maison,1650000
Lahonce ,maison,555000
Villeurbanne ,appartement,328000
Boulogne-Billancourt ,appartement,650000
Rillieux-la-Pape ,appartement,283222
Borgo ,appartement,199000
Lyon 3ème ,appartement,329000
Lyon 3ème ,appartement,495000
Paris 11ème ,appartement,1399000
Rillieux-la-Pape ,appartement,369668
Yzeures-sur-Creuse ,maison,183000
Lyon 2ème ,appartement,680000
Lyon 3ème ,appartement,540000
Paris 11ème ,appartement,2030000
Montpellier ,appartement,368000
Lyon 4ème ,appartement,390000
Lyon 7ème ,appartement,299000
Villeurbanne ,appartement,299000
Lyon 8ème ,appartement,400000
Lyon 7ème ,appartement,450000
Lyon 3ème ,appartement,399000
Arras ,maison,356900
Neuilly-sur-Seine ,appartement,469000
Neuilly-sur-Seine ,appartement,120000
Paris 11ème ,appartement,2150000
Rillieux-la-Pape ,appartement,260473
Beynost ,maison,849000
Neuilly-sur-Seine ,appartement,330000
Neuilly-sur-Seine ,appartement,870000
Paris 12ème ,appartement,695000
Montpellier ,appartement,382000
Évry-Courcouronnes ,terrain,337600
Chaumes-en-Brie ,maison,499000
Orée d'Anjou ,maison,499200
Paris 11ème ,appartement,1273000
Rillieux-la-Pape ,appartement,301421
Villeurbanne ,appartement,220000
Béligneux ,appartement,185000
Saint-Denis-lès-Bourg ,maison,490000
Paris 3ème ,appartement,1365000
Rillieux-la-Pape ,appartement,312796
Neuvy-le-Roi ,maison,192000
Neuilly-sur-Seine ,appartement,995000
Lyon 8ème ,appartement,449000
Versailles ,appartement,1090000
Montpellier ,appartement,129200
Lyon 8ème ,appartement,419000
Paris 14ème ,appartement,549000
Istres ,appartement,139500
Salon-de-Provence ,appartement,239000
Paris 17ème ,appartement,619000
Paris 11ème ,appartement,700000
Beauvais ,maison,331700
Bordeaux ,maison,629000
Bonnétable ,maison,25000
Gemenos ,maison,2500000
Rillieux-la-Pape ,appartement,255924
Therdonne ,maison,297500
Plerguer ,maison,321470
Villeurbanne ,maison,621000
Toulon ,maison,735000
Nimes ,appartement,375000
Précy-sur-Vrin ,viager,118200
Montcornet ,maison,66000
Chatou ,maison,490000
Fontenay-sous-Bois ,appartement,2050000
Eckbolsheim ,appartement,503000
Toulouse ,appartement,353600
Mazoires ,maison,63000
Annecy ,appartement,228000
Le Perreux-sur-Marne ,maison,1200000
Saint-Orens-de-Gameville ,appartement,353000
Chatillon-sur-indre ,maison,260000
Le Mans ,maison,287000
Bessé-sur-Braye ,maison,70000
Lille ,appartement,242000
Montpellier ,appartement,790000
Viane ,maison,39000
Galgon ,villa,299000
Lachapelle-aux-Pots ,maison,264000
Valence-d'Albigeois ,maison,243800
Kervignac ,villa,512325
Vaulx-Milieu ,maison,362000
Beauvais ,maison,317900
Capbreton ,appartement,269000
Bordeaux ,locaux,367000
Mougins ,maison,2280000
Nimes ,appartement,152000
Theil-sur-Vanne ,maison,194000
Le Nouvion-en-Thiérache ,maison,71000
Vibraye ,maison,175350
Mouans-Sartoux ,maison,2280000
Eckbolsheim ,appartement,327500
Brou ,maison,109200
Noyen-sur-Sarthe ,maison,213115
Ivry-sur-Seine ,appartement,474000
Mougins ,maison,2200000
Montpellier ,appartement,485000
Harcigny ,maison,169000
Oytier-Saint-Oblas ,maison,490000
Rethel ,maison,249500
Mandelieu-la-Napoule ,maison,1490000
Montpellier ,appartement,235000
Chateauroux ,maison,273500
Albi ,maison,337000
Cheval-Blanc ,maison,660000
Cannes ,maison,3500000
Nimes ,appartement,279000
Saint-Germain-en-Laye ,appartement,615000
Arcachon ,appartement,445200
Saint-François (,appartement,169000
Le Biot ,appartement,64000
Anglure ,maison,99000
Cluses ,appartement,122000
Beauvais ,maison,270900
Pézilla-la-Rivière ,maison,228900
Mont-de-Marsan ,maison,283000
Merignac ,villa,1240000
Nimes ,appartement,243000
Montpellier ,duplex,330000
Bonneuil-Matours ,terrain,18000
Nimes ,maison,475000
Paris 18ème ,appartement,1350000
Montpellier ,appartement,361000
La Ciotat ,appartement,349500
Bois ,maison,259000
Aniane ,maison,835000
Boulogne-Billancourt ,appartement,1420000
Montpellier ,appartement,285000
Chatillon-sur-cluses ,maison,714000
Vieillevigne ,maison,229500
Chatellerault ,maison,262000
Mirebeau ,propri,375000
Laval ,appartement,161000
Druye ,maison,270000
Roumegoux ,maison,158500
Jarville-la-Malgrange ,appartement,120000
Grimaud ,villa,4995000
Laval ,appartement,198000
Villers-la-Montagne ,maison,389000
Créon ,maison,379000
Paris 18ème ,appartement,310000
Marseillan ,maison,493000
Bordeaux ,maison,559520
Royat ,maison,198000
Beauvais ,maison,233900
Laroque ,maison,192600
Chalencon ,maison,365000
Grimaud ,propri,2700000
Saint-Orens-de-Gameville ,appartement,219900
Ales ,maison,330000
Labastide-Rouairoux ,maison,109500
Sermérieu ,maison,540000
Cogolin ,maison,999000
Eckbolsheim ,appartement,452000
Mervent ,maison,245000
Cambes-en-Plaine ,maison,269000
Saint-Leu-d'Esserent ,maison,379000
Grimaud ,villa,2490000
Saint-Orens-de-Gameville ,appartement,282900
Capbreton ,maison,879000
Fiac ,maison,125000
Saint-raphael ,maison,749900
Grimaud ,propri,3650000
Guyancourt ,appartement,167700
Semblançay ,maison,289000
Sainte-Tulle ,maison,172000
Chantilly ,maison,419000
Grimaud ,villa,2200000
Guyancourt ,appartement,264700
Nemours ,maison,229000
Carpentras ,maison,342200
Sacy-le-Petit ,maison,249000
Romilly-sur-Seine ,maison,96000
Pont-sur-Yonne ,maison,159000
Le Mans ,maison,194250
Pontoise ,maison,244800
Montbrun-les-Bains ,maison,880000
Auray ,maison,947600
Villeurbanne ,appartement,739000
Andernos-les-Bains ,appartement,576000
Bouillargues ,maison,380000
Bordeaux ,appartement,114000
Le Mans ,maison,495000
Péron ,maison,695000
Toulouse ,appartement,272000
Le Cannet ,appartement,239000
Le Blanc ,maison,44500
Nantes ,locaux,588000
Cannes ,appartement,1980000
Andernos-les-Bains ,appartement,448000
Parleboscq ,maison,199500
Bressols ,maison,235000
Montauban ,locaux,265000
Le Pré-Saint-Gervais ,appartement,895000
Lacanau ,appartement,365000
Saint-Avertin ,maison,405000
Roussillon ,appartement,129000
Avignon ,appartement,169000
Evian-les-Bains ,maison,695000
Lacanau ,appartement,293000
Lussan ,maison,216000
Lédergues ,maison,227500
Mielan ,maison,259500
Biot ,maison,840000
Le Nouvion-en-Thiérache ,maison,117000
Le Mans ,maison,372000
Saint-Fargeau-Ponthierry ,maison,281900
Agen ,maison,280000
Deauville ,appartement,179000
Sannois ,maison,269000
Lacanau ,appartement,224000
Lattes ,appartement,386650
Cercy-la-Tour ,maison,120000
Vendres ,maison,108000
Aix-en-Provence ,maison,2300000
Andernos-les-Bains ,appartement,293000
Versailles ,appartement,278000
Plaisance ,maison,159000
Saint-Fraimbault-de-Prières ,maison,141000
Eguilles ,maison,1620000
Toulouse ,appartement,213000
La Groise ,maison,80000
Seynod ,duplex,329000
Thiviers ,maison,139920
Saint-Cannat ,maison,955500
Lacanau ,maison,381000
Villaines-les-Rochers ,maison,203000
Vernon ,maison,470000
Livry-Gargan ,maison,341500
Méjannes-lès-Alès ,maison,795000
Eckbolsheim ,maison,415000
Barnave ,maison,395000
Saint-Sauveur-de-Montagut ,maison,148000
Nimes ,appartement,94830
Tignieu-Jameyzieu ,maison,354900
Saint-Orens-de-Gameville ,maison,425000
Ardes ,maison,65000
La Garnache ,maison,179660
Bethune ,appartement,136490
Gordes ,maison,477000
Riberac ,ch,1277000
Marseille 13ème ,maison,496000
Saint-Cyprien ,maison,126000
Magalas ,maison,250000
Villespassans ,maison,46000
Les Sables-d'Olonne ,maison,1207500
Marseille 13ème ,maison,496000
Marguerittes ,maison,289000
Les adrets-de-l'esterel ,villa,1790000
Oullins ,locaux,45500
Les Sables-d'Olonne ,maison,1575000
Marseille 13ème ,maison,505000
Mirande ,maison,291200
Sainteny ,maison,187020
Fosses ,maison,323000
La Roche-sur-Yon ,maison,1680000
Marseille 13ème ,maison,462000
Artannes-sur-Indre ,maison,297000
Monts-de-Randon ,maison,110000
Bethune ,locaux,1890000
Gignac ,maison,535000
Marseille 13ème ,maison,471000
Tence ,maison,349000
Saix ,maison,283000
Crepy-en-valois ,maison,249000
Billiat ,maison,520000
Salaise-sur-Sanne ,villa,415000
Toulouse ,maison,293000
Bourg sur gironde ,maison,246640
Perigueux ,maison,210000
Moreuil ,maison,280000
Paris 6ème ,appartement,350000
Marseille 13ème ,maison,462000
Vendome ,maison,158000
Maintenon ,maison,290000
Larnagol ,maison,89000
Arcachon ,maison,1029000
Marseille 13ème ,maison,455000
Le gosier (,villa,649000
Toulouse ,locaux,220000
Dijon ,locaux,800000
Pyla sur mer ,maison,2385000
Marseille 13ème ,maison,466000
Montelimar ,appartement,130000
Belin-Béliet ,maison,248400
Aiserey ,maison,229000
Gujan-Mestras ,maison,1358000
Marseille 13ème ,maison,463000
Montrichard ,maison,210000
Mondeville ,maison,251000
Brassac-les-Mines ,maison,169000
Arcachon ,villa,2995000
Marseille 13ème ,maison,486000
Sainte lucie de porto vecchio ,maison,890000
Huez ,appartement,735000
Pernes-les-Fontaines ,maison,280000
Dizy-le-Gros ,parking,18000
Réalmont ,maison,183000
Chambly ,maison,299000
Bourg sur gironde ,maison,198690
Sotteville-les-rouen ,maison,293620
Le Mans ,appartement,146475
Arcachon ,maison,1560000
Marseille 13ème ,maison,496000
La Frette-sur-Seine ,appartement,199000
Rochefort-du-Gard ,appartement,267000
Saint-Quentin ,maison,155000
Lege-cap-ferret ,maison,3150000
Marseille 13ème ,maison,491000
Saint-Béat ,maison,189000
Plougastel-Daoulas ,appartement,160500
Aix-en-Provence ,appartement,470000
Pyla sur mer ,maison,1365000
Marseille 13ème ,maison,495000
Bordeaux ,maison,383000
Tortebesse ,maison,159000
Lannion ,viager,103100
Arcachon ,maison,2480000
Marseille 13ème ,maison,421000
Savonnieres ,maison,430000
La Sauvetat-de-Savères ,terrain,39500
Agde ,appartement,195000
Arcachon ,duplex,1995000
Marseille 13ème ,maison,491000
Flavigny-le-Grand-et-Beaurain ,maison,55000
Paris 17ème ,appartement,2070000
Paris 18ème ,appartement,150000
Paris 8ème ,appartement,445000
Paris 17ème ,appartement,375000
Paris 16ème ,appartement,685000
Houilles ,maison,557900
Paris 17ème ,appartement,570000
Paris 17ème ,appartement,967000
Arcachon ,villa,5090000
Marseille 13ème ,maison,501000
Paris 17ème ,appartement,735000
Paris 17ème ,appartement,430000
Saint-Orens-de-Gameville ,maison,279000
Pyla sur mer ,terrain,1870000
Marseille 13ème ,maison,401000
Sainte-Marie-de-Ré ,villa,1175200
Les Pavillons-sous-Bois ,locaux,85000
Labastide-d'Anjou ,maison,178950
Pyla sur mer ,villa,1765000
Marseille 13ème ,maison,406000
Perigueux ,locaux,231400
Boulogne-Billancourt ,appartement,550000
Port-Vendres ,appartement,149900
La Teste-de-Buch ,villa,1149000
Marseille 13ème ,maison,399000
Neuillé-Pont-Pierre ,maison,216400
Suresnes ,appartement,535000
Courbevoie ,appartement,340000
Pyla sur mer ,maison,1870000
Marseille 13ème ,maison,421000
Paris 14ème ,appartement,476000
Vitrolles ,maison,397100
Perigny ,appartement,194250
Chateaufort ,maison,745000
Lyon 2ème ,locaux,445000
Lyon 2ème ,appartement,219000
Houilles ,maison,545900
Courbevoie ,appartement,925000
Courbevoie ,appartement,499000
Arcachon ,villa,3990000
Marseille 13ème ,maison,423000
Lyon 7ème ,appartement,390000
Lyon 7ème ,appartement,250000
Gujan-Mestras ,maison,787500
Arcachon ,villa,3432000
Marseille 13ème ,maison,399000
Saint-lo ,propri,2500000
Soulosse-sous-Saint-Elophe ,maison,179000
Fontaine-Guérin ,maison,241519
Pyla sur mer ,villa,2090000
Marseille 13ème ,maison,422000
Guilherand-Granges ,maison,311000
Sain-Bel ,maison,185000
Saint-Médard-d'Eyrans ,maison,976500
Arcachon ,maison,4725000
Marseille 13ème ,maison,421000
Chançay ,maison,255000
Paris 6ème ,appartement,1650000
Paris 6ème ,appartement,1650000
Pyla sur mer ,maison,4160000
Marseille 13ème ,maison,495000
Paris 7ème ,appartement,1650000
Paris 14ème ,loft,1399000
Paris 17ème ,appartement,630000
Paris 18ème ,appartement,1299000
Paris 17ème ,appartement,630000
Paris 18ème ,appartement,1299000
Houilles ,maison,479900
Paris 9ème ,appartement,1280000
Paris 9ème ,appartement,1280000
Pyla sur mer ,maison,1395000
Marseille 13ème ,maison,421000
Paris 15ème ,appartement,605000
Paris 18ème ,appartement,600000
Issy-les-Moulineaux ,appartement,1178000
Antibes ,villa,2650000
Marseille 13ème ,maison,426000
Sainte-Foy-lès-Lyon ,appartement,695000
Puisserguier ,maison,168000
Eysines ,maison,418000
Lyon 4ème ,locaux,1768000
Marseille 13ème ,maison,437000
Paris 15ème ,appartement,1178000
Paris 16ème ,appartement,1100000
Paris 18ème ,appartement,599000
Saint-Cloud ,appartement,850000
Marseille 13ème ,maison,485000
Château-Renault ,maison,250000
Paris 17ème ,appartement,1145000
Paris 16ème ,appartement,1100000
Montrouge ,appartement,410000
Marseille 13ème ,maison,436000
Paris 9ème ,appartement,580000
Paris 2ème ,appartement,1050000
Paris 18ème ,appartement,580000
Paris 9ème ,appartement,580000
Paris 9ème ,appartement,1050000
Paris 15ème ,appartement,890000
Houilles ,maison,569900
Paris 2ème ,appartement,1050000
Villemomble ,maison,495000
Montrouge ,appartement,407900
Marseille 13ème ,maison,488000
Issy-les-Moulineaux ,appartement,890000
Paris 9ème ,appartement,1050000
Paris 15ème ,appartement,890000
Les Lilas ,appartement,560000
Marseille 13ème ,maison,436000
Grambois ,propri,530000
Pibrac ,locaux,2297767
Rillieux-la-Pape ,maison,499000
Boulogne-Billancourt ,appartement,558000
Marseille 13ème ,maison,435000
Paris 10ème ,appartement,1050000
Bois-Colombes ,appartement,425000
Paris 18ème ,appartement,475000
Nanterre ,appartement,450000
Strasbourg ,appartement,495000
Neuville-sur-Brenne ,maison,229000
Issy-les-Moulineaux ,appartement,890000
Ramatuelle ,maison,3500000
Paris 16ème ,appartement,830000
Cogolin ,maison,PrixNC
Paris 10ème ,appartement,1050000
Chatou ,maison,1030000
Paris 18ème ,appartement,355000
Paris 19ème ,appartement,360000
Paris 16ème ,appartement,990000
Paris 16ème ,appartement,990000
Buigny-Saint-Maclou ,maison,382000
Les Lilas ,appartement,360000
Paris 17ème ,appartement,2500000
Paris 17ème ,appartement,949000
Cogolin ,maison,PrixNC
Paris 16ème ,appartement,950000
Paris 18ème ,appartement,346500
Fresnes ,appartement,299000
Puteaux ,appartement,632900
Canet-en-Roussillon ,appartement,399000
Saint marc sur mer ,appartement,379700
Aix-en-Provence ,appartement,1111000
Morteau ,appartement,185900
Garches ,maison,1150000
Canet-en-Roussillon ,appartement,475000
Paris 7ème ,appartement,1890000
Levallois-Perret ,appartement,2500000
Boissy-saint-leger ,maison,840000
La Celle-Saint-Cloud ,maison,780000
Canet-en-Roussillon ,appartement,343000
Langeais ,maison,270000
Paris 16ème ,appartement,950000
Paris 15ème ,appartement,340000
Boulogne-Billancourt ,appartement,479000
Canet-en-Roussillon ,appartement,300000
Limeil-brevannes ,maison,840000
Nogent-sur-Marne ,appartement,280000
Nogent-sur-Marne ,appartement,280000
Le Plessis-Trévise ,maison,829000
Paris 18ème ,appartement,1795000
Paris 8ème ,appartement,1860000
Abbeville ,maison,251900
Pontault-Combault ,maison,829000
Paris 18ème ,appartement,820000
Paris 19ème ,appartement,399000
Canet-en-Roussillon ,appartement,180000
Paris 18ème ,appartement,215000
Paris 9ème ,appartement,1795000
Paris 18ème ,appartement,1795000
Asnieres-sur-seine ,appartement,830000
Saint-Herblain ,appartement,PrixNC
Mareuil-sur-Arnon ,maison,77000
L'Isle-sur-la-Sorgue ,maison,523000
Dardilly ,appartement,364851
Paris 19ème ,appartement,379000
Saint-Herblain ,appartement,PrixNC
Paris 9ème ,appartement,1795000
Paris 17ème ,appartement,1795000
Paris 18ème ,appartement,820000
Paris 12ème ,appartement,545000
Saint-Herblain ,appartement,PrixNC
Ardentes ,maison,191900
Paris 15ème ,appartement,790000
Ajaccio ,appartement,649000
Paris 16ème ,appartement,1200000
Meaux ,appartement,159100
Paris 8ème ,appartement,77500
Bordeaux ,maison,1058000
Le Château-d'Oléron ,locaux,493000
Rochefort ,maison,218950
Crepy-en-valois ,maison,279500
Braine ,maison,195000
Neuilly-en-Thelle ,maison,279040
Levallois-Perret ,appartement,230000
Levallois-Perret ,appartement,718000
Paris 18ème ,duplex,1350000
Meaux ,appartement,211000
Levallois-Perret ,appartement,272000
Meudon ,maison,750000
Sevres ,appartement,480000
Paris 18ème ,locaux,1890000
Chennevieres-sur-marne ,appartement,455000
Génissac ,maison,107000
Lyon 1er ,appartement,380000
Prunay-en-Yvelines ,maison,450000
Saint-Pierre-Azif ,maison,589000
Claye-Souilly ,appartement,297000
Meudon ,appartement,515000
Laroque-des-Albères ,maison,349000
Florange ,appartement,246000
L'Ile-Rousse ,villa,1579000
Reims ,appartement,211500
Ardentes ,maison,193990
Florange ,appartement,238245
Florange ,appartement,233541
Nantes ,maison,798250
Reims ,appartement,143000
Florange ,appartement,143518
Florange ,appartement,237628
Florange ,appartement,173030
Florange ,appartement,362748
Florange ,appartement,178633
Florange ,appartement,165615
Neuilly-en-Thelle ,maison,250040
Florange ,appartement,155683
Florange ,appartement,234717
Grimaud ,villa,3500000
Reims ,appartement,255500
Florange ,appartement,244056
Florange ,appartement,248378
Florange ,appartement,152237
Saint-Tropez ,appartement,735000
Reims ,appartement,244000
Louin ,maison,129840
Plouay ,maison,400000
La Bastide-de-Sérou ,maison,382000
Goult ,maison,995000
Reims ,appartement,198000
Florange ,appartement,149957
Florange ,appartement,187902
Florange ,appartement,248984
Lege-cap-ferret ,maison,2090000
Reims ,appartement,245000
Coings ,maison,215500
Florange ,appartement,253343
Florange ,appartement,267630
Villers-sur-Mer ,maison,695000
Charleville-mezieres ,maison,189120
Florange ,appartement,257753
Florange ,appartement,157840
Florange ,appartement,224347
Florange ,appartement,239197
Florange ,appartement,227980
Florange ,appartement,147995
Neuilly-en-Thelle ,maison,290040
Florange ,appartement,150544
Florange ,appartement,241534
Deauville ,maison,1100000
Charleville-mezieres ,maison,189120
Florange ,appartement,230059
Florange ,appartement,291662
Florange ,appartement,234481
Blonville-sur-Mer ,maison,1890000
Charleville-mezieres ,maison,246600
Dommartin-aux-Bois ,maison,130000
Humieres ,propri,299250
Toulouse ,viager,42531
Bonnebosq ,propri,425000
Reims ,appartement,249500
Florange ,appartement,236173
Florange ,appartement,234696
Florange ,appartement,328571
Houlgate ,maison,949000
Charleville-mezieres ,maison,219480
Villedieu-sur-Indre ,maison,193460
Florange ,appartement,153129
Florange ,appartement,240484
Deauville ,appartement,478000
Charleville-mezieres ,maison,219480
Florange ,appartement,266545
Crillon-le-Brave ,maison,850000
Senlis ,maison,735000
Riscle ,maison,110000
Chinon ,maison,147000
Seignosse ,appartement,192000
Beauvais ,maison,197800
Lathuile ,viager,88000
Bourdeau ,maison,1488000
Deauville ,appartement,895000
Reims ,appartement,198000
Balaruc-les-Bains ,maison,577500
Bagneux ,appartement,295000
Paris 4ème ,appartement,430000
Paris 12ème ,appartement,965000
Reims ,appartement,248000
Brie ,maison,474500
Nice ,villa,799000
Vivier-au-Court ,villa,135000
Paris 11ème ,appartement,1150000
Pomponne ,appartement,224000
Rodez ,appartement,160000
Brens ,maison,435000
Asnieres-sur-seine ,appartement,1095000
Paris 11ème ,appartement,595000
Reims ,appartement,187000
Bouesse ,maison,156500
Anglet ,appartement,290000
Pezenas ,villa,168000
Paris 11ème ,appartement,599000
Charleville-mezieres ,maison,219480
Luynes ,maison,198000
Celles-sur-Aisne ,maison,274400
Soissons ,appartement,170400
Les milles ,appartement,205000
Les milles ,appartement,180000
Marseille 14ème ,appartement,95000
Neuilly-en-Thelle ,maison,337040
Les milles ,appartement,273000
Aix-en-Provence ,maison,525000
Paris 14ème ,appartement,1790000
Charleville-mezieres ,maison,246600
Compiegne ,appartement,320000
Saint-Quentin ,maison,111900
Abbeville ,locaux,233200
Paris 14ème ,appartement,1450000
Charleville-mezieres ,maison,219480
Bourganeuf ,maison,196750
Montereau-Fault-Yonne ,appartement,126000
Creteil ,appartement,335000
Le Thoronet ,terrain,2950000
Charleville-mezieres ,maison,246600
Embreville ,maison,192600
Fressenneville ,maison,124200
Arcueil ,appartement,177000
Villecroze ,propri,1080000
Reims ,appartement,194000
Deols ,maison,244800
Paris 15ème ,appartement,420000
Paris 1er ,appartement,545000
Lorgues ,villa,1395000
Reims ,appartement,256500
Paris 8ème ,appartement,740000
Rouen ,appartement,1290000
Saint-leger-du-bourg-denis ,maison,418000
Assérac ,maison,355000
Donzac ,maison,185000
Etrechy ,maison,323950
Villiers-le-Sec ,maison,299900
Saint-Georges-Motel ,maison,240350
Montesson ,appartement,245000
Cotignac ,propri,1050000
Reims ,appartement,208000
Avensan ,maison,346500
Oullins ,maison,1046240
Aiguillon ,maison,220000
Boulogne-Billancourt ,appartement,475000
Pomponne ,appartement,362000
Hiersac ,maison,475000
Thann ,appartement,334000
Saint-Gervais-la-Forêt ,maison,284300
La Môle ,maison,1942000
Charleville-mezieres ,maison,219480
Plan-d'Aups-Sainte-Baume ,villa,479000
Herblay-sur-Seine ,locaux,502000
Fraisse-sur-Agout ,maison,45000
Lege-cap-ferret ,maison,3255000
Charleville-mezieres ,maison,246600
Saint-Cassin ,maison,440000
Farébersviller ,maison,234000
Oeting ,maison,159000
Saint-Jean-de-Monts ,appartement,468100
Charleville-mezieres ,maison,246600
Paris 16ème ,appartement,4500000
Thouars ,maison,231100
Thouars ,maison,69500
Moncontour ,maison,89200
Saint-Martin-de-Sanzay ,maison,116800
Loudun ,maison,137000
Villiers-le-Sec ,maison,299900
Saumur ,maison,189500
Loudun ,maison,145000
La Balme-de-Sillingy ,maison,750000
Reims ,appartement,185000
Saint-Germain-de-Longue-Chaume ,maison,104500
Saint-Varent ,maison,80000
Thouars ,maison,149000
Belz ,locaux,577500
Reims ,appartement,203000
Saint-Jean-le-Blanc ,maison,325000
La Tour ,maison,890000
Meudon ,appartement,746000
La Baule-Escoublac ,appartement,690000
Pomponne ,appartement,270000
Vihiers ,maison,54200
Thouars ,maison,85500
Bressuire ,maison,178007
Pyla sur mer ,maison,10500000
Reims ,appartement,184000
Chavençon ,terrain,124000
Coussay-les-Bois ,maison,325000
Loudun ,maison,105000
Pyla sur mer ,maison,2490000
Pomponne ,appartement,216000
Moncoutant ,maison,189500
Varennes ,maison,179000
Noirterre ,maison,54900
Boismé ,maison,239900
Parthenay ,maison,150050
Richelieu ,maison,154500
Belloy-en-France ,maison,300900
Thouars ,locaux,3090000
Thouars ,maison,325000
Garches ,maison,1050000
Reims ,appartement,188000
La Baule-Escoublac ,appartement,267700
Perigny ,maison,780000
Marans ,maison,263500
Flayosc ,propri,2250000
Charleville-mezieres ,maison,219480
L'Houmeau ,maison,588500
Bagneux ,maison,92000
Chouzé-sur-Loire ,maison,289500
Le chesnay ,appartement,830000
Charleville-mezieres ,maison,219480
Mont-de-Marsan ,appartement,79000
Aire-sur-l'Adour ,maison,195000
Lyon 4ème ,appartement,229000
Asnieres-sur-seine ,appartement,617900
Charleville-mezieres ,maison,272880
Beaumont-les-Nonains ,terrain,60000
Lyon 4ème ,appartement,234000
Saint-Bernard ,maison,495000
Clermont-Ferrand ,maison,980000
Reims ,appartement,198000
Vaux-sur-Mer ,maison,290000
Le Pecq ,appartement,289500
Fourqueux ,maison,860000
Saint-Germain-en-Laye ,appartement,640500
Tournefeuille ,appartement,182000
Coignieres ,maison,420000
Bornel ,maison,282900
Guyancourt ,maison,450000
Le Tignet ,maison,729000
Uzès ,appartement,396000
Pomponne ,appartement,196000
Mouans-Sartoux ,maison,398000
Courbevoie ,appartement,450000
Paris 10ème ,appartement,570000
Uzès ,appartement,254000
Reims ,appartement,187000
Paris 18ème ,appartement,1195000
Prades-le-Lez ,maison,424000
Rennes ,appartement,384763
Perpignan ,terrain,434000
Reims ,appartement,184000
Paris 11ème ,appartement,537000
Paris 7ème ,appartement,1196000
Avignon ,appartement,368500
Lege-cap-ferret ,maison,2990000
Reims ,appartement,202000
Catenoy ,terrain,90000
Apt ,maison,550000
Paris 18ème ,appartement,270000
Cormeilles-en-Parisis ,maison,442900
Charleville-mezieres ,maison,219480
Paris 18ème ,appartement,370000
Sainte-Maxime ,appartement,109000
Sainte-Maxime ,appartement,249000
Sainte-Maxime ,appartement,349000
Sainte-Maxime ,appartement,205000
Sevran ,appartement,144900
Villiers-Adam ,maison,319900
Cavalaire-sur-Mer ,locaux,960000
Romainville ,loft,849000
Rayol-Canadel-sur-Mer ,maison,3570000
Pomponne ,appartement,250000
Romainville ,loft,849000
Rozay-en-Brie ,maison,339990
Mareuil-lès-Meaux ,maison,322000
Rayol-Canadel-sur-Mer ,maison,1254000
Reims ,appartement,183000
Savigny-le-Temple ,appartement,193600
Saint-Pourçain-sur-Sioule ,maison,211000
Villefranche-sur-saone ,propri,245900
Lege-cap-ferret ,maison,2467500
Pomponne ,appartement,263000
Pécy ,maison,339990
Saint-Thibault-des-Vignes ,appartement,185000
Mallemort ,maison,199000
Uzès ,maison,252000
Charleville-mezieres ,maison,219480
Eméville ,terrain,90000
Montfermeil ,appartement,273750
Paris 3ème ,appartement,950000
Lege-cap-ferret ,maison,2800000
Pomponne ,appartement,189000
Aumont-en-Halatte ,maison,499500
Pradines ,maison,171200
Villemomble ,appartement,188000
Montreuil ,appartement,424000
Saint-Eloy-les-Mines ,maison,70200
Vichy ,appartement,68040
Cergy ,maison,319900
Vichy ,maison,158000
Saint-Yorre ,maison,179000
Flayosc ,villa,1350000
Reims ,appartement,181000
Le Mayet-de-Montagne ,maison,254000
Espinasse-Vozelle ,maison,221550
Varennes-sur-Allier ,maison,107910
Saint-Florent ,villa,2100000
Charleville-mezieres ,maison,219480
Cherves-Richemont ,maison,177116
Neuilly-Plaisance ,maison,388900
Honguemare-Guenouville ,maison,168000
Toulouse ,appartement,370000
Reims ,appartement,181000
Thiers ,maison,87200
Nantes ,appartement,115000
Saint-Prix ,terrain,29000
Quiberon ,maison,678600
Charleville-mezieres ,maison,246600
Abbeville-Saint-Lucien ,terrain,69000
Cannes ,appartement,260000
Rosny-sous-Bois ,appartement,199000
Paris 16ème ,appartement,2290000
Charleville-mezieres ,maison,246600
Mandelieu-la-Napoule ,viager,228700
Antibes ,appartement,319000
Aix-en-Provence ,maison,950000
Saint-Germain-du-Puy ,maison,149800
Capbreton ,maison,1378000
Elliant ,maison,211200
Cergy ,maison,330900
Vence ,villa,849000
Gouesnou ,maison,597000
Pyla sur mer ,maison,7840000
Pomponne ,appartement,262000
Saint-Vincent-sur-Graon ,maison,377500
Peymeinade ,maison,739000
Séné ,appartement,525000
Lege-cap-ferret ,maison,8925000
Reims ,appartement,181000
Naintre ,maison,252067
Septeuil ,maison,499000
Esbarres ,maison,198921
Pyla sur mer ,maison,2650000
Pomponne ,appartement,250000
Limoux ,maison,142900
Saint-Hilaire ,maison,179900
Alet-les-Bains ,maison,250000
Arcachon ,maison,3850000
Charleville-mezieres ,maison,219480
Guignecourt ,terrain,65000
Saint-Nazaire ,appartement,254400
Fouesnant ,maison,441000
Paris 16ème ,appartement,2395000
Charleville-mezieres ,maison,246600
Fouesnant ,maison,249100
Dordives ,maison,265000
Amilly ,maison,175675
Chuelles ,maison,139800
Dordives ,maison,219250
Ferrières-en-Gâtinais ,maison,275000
Cergy ,maison,287900
Ferrières-en-Gâtinais ,maison,209500
Dordives ,maison,208000
Paris 16ème ,appartement,2550000
Reims ,appartement,183000
Amilly ,maison,178750
Ferrières-en-Gâtinais ,propri,379000
Ferrières-en-Gâtinais ,maison,299700
La Roquette-sur-Siagne ,appartement,PrixNC
Charleville-mezieres ,maison,219480
Trans-en-Provence ,maison,749000
Montpellier ,appartement,399000
Messanges ,maison,599000
Cagnes-sur-Mer ,appartement,PrixNC
Reims ,appartement,200500
Villeneuve-Loubet ,maison,480000
Paris 14ème ,appartement,915000
Sainte-Maxime ,villa,2440000
Nice ,appartement,PrixNC
Pomponne ,appartement,271000
Berthecourt ,terrain,89900
La Clusaz ,appartement,462315
Le Grand-Bornand ,appartement,231000
Deauville ,terrain,1395000
Pomponne ,appartement,352000
Paris 8ème ,appartement,830000
Noisy-le-Grand ,appartement,260000
Neuilly-sur-Marne ,maison,329000
Noisy-le-Grand ,maison,419000
Noisy-le-Grand ,appartement,389000
Noisy-le-Grand ,maison,490000
Cergy ,maison,297900
Alfortville ,appartement,526000
Noisy-le-Grand ,maison,562000
Les Portes-en-Ré ,maison,5880000
Pomponne ,appartement,201000
La Gaude ,maison,692000
Toulouse ,maison,467000
Toulouse ,appartement,120000
Rivedoux-Plage ,maison,1260000
Charleville-mezieres ,maison,246600
Garges-les-gonesse ,maison,278500
Paris 13ème ,appartement,1050000
Toulouse ,appartement,163000
Paris 9ème ,appartement,495000
Reims ,appartement,207000
Paris 16ème ,appartement,750000
Paris 16ème ,appartement,2290000
Saint-Cloud ,appartement,1750000
Les Mathes ,maison,735000
Pomponne ,appartement,251000
Guignecourt ,terrain,65000
Paris 16ème ,appartement,1430000
Paris 9ème ,appartement,1340000
Chamonix-Mont-Blanc ,chalet,1400000
Charleville-mezieres ,maison,246600
Mondelange ,maison,232000
Castillon-la-Bataille ,maison,317000
Cazaubon ,appartement,45700
Langon ,locaux,88000
Sanary-sur-Mer ,appartement,288000
Sanary-sur-Mer ,appartement,298000
Cergy ,maison,321900
Roquettes ,appartement,115000
La Seyne-sur-Mer ,maison,550000
Paris 1er ,appartement,1350000
Charleville-mezieres ,maison,246600
Cannes la bocca ,maison,1999000
Paris 7ème ,appartement,1370000
Bandol ,appartement,181000
Saint-Malo ,appartement,1676800
Reims ,appartement,179000
Saint-raphael ,appartement,125000
Saint-maur-des-fosses ,maison,620000
Gramat ,terrain,40680
Paris 20ème ,appartement,950000
Pomponne ,appartement,196000
Toulouse ,appartement,185000
Montauban ,maison,255000
La Chevrolière ,maison,270700
Blois ,maison,492900
Charleville-mezieres ,maison,219480
Courcelles-Epayelles ,terrain,48000
Saint-Philbert-de-Grand-Lieu ,appartement,291000
La Limouzinière ,maison,305000
Montrigaud ,propri,990000
Pomponne ,appartement,184000
Saint-Colomban ,maison,283900
La Chevrolière ,maison,382500
Saint-Colomban ,maison,263500
Saint-Philbert-de-Grand-Lieu ,maison,419000
La Chevrolière ,maison,350000
Saint-Lumine-de-Coutais ,maison,237500
Dammartin-en-Goële ,maison,298900
Toulouse ,maison,848000
Saint-Philbert-de-Grand-Lieu ,maison,549000
Lege-cap-ferret ,villa,585000
Amiens ,appartement,208000
Les Sorinières ,maison,549000
Sainte-Pazanne ,maison,549000
La Mothe-Achard ,maison,382000
Lyon 2ème ,appartement,950000
Kingersheim ,appartement,327000
Anetz ,maison,167200
Blausasc ,maison,599000
Nantes ,appartement,349500
Mougins ,maison,1060000
Bayeux ,terrain,57000
Saint-Aubin-lès-Elbeuf ,maison,199900
Paris 8ème ,appartement,1260000
Paris 16ème ,appartement,15000000
Sceaux-d'Anjou ,propri,546000
Bayeux ,terrain,55000
Clermont ,terrain,80000
Montrouge ,appartement,765000
Moliets-et-Maa ,maison,369000
Les ponts-de-ce ,maison,1495000
Bayeux ,terrain,55000
Marly-le-Roi ,appartement,477500
Moliets-et-Maa ,maison,485000
Chasse-sur-Rhône ,appartement,249300
Villabé ,maison,330000
Combs-la-Ville ,appartement,230000
Vannes ,appartement,469000
Dammartin-en-Goële ,maison,297900
Honfleur ,appartement,349000
Bussy-Saint-Georges ,appartement,236000
Puycelci ,maison,270000
Bayeux ,terrain,49900
Trappes ,appartement,208000
Pontault-Combault ,maison,385000
Chatillon-sur-cluses ,appartement,377500
Paris 16ème ,appartement,2435000
Bayeux ,terrain,92900
Dolus-le-Sec ,maison,188054
Saint-Georges-lès-Baillargeaux ,maison,246093
Bonnieres ,maison,350000
Paris 18ème ,appartement,699000
Bayeux ,terrain,98000
Longvic ,appartement,258000
Gex ,appartement,384000
Carquefou ,appartement,379000
Paris 6ème ,appartement,4500000
Bayeux ,terrain,99000
Haudivillers ,terrain,62000
Quint-Fonsegrives ,appartement,299900
Chartres ,appartement,178471
Paris 6ème ,appartement,1100000
Belloy-en-France ,terrain,185000
Gex ,appartement,435000
Aix-en-Provence ,maison,600000
Frejus ,appartement,839000
Aubervilliers ,appartement,283000
Laval ,appartement,196000
Marseille 8ème ,maison,1268000
Dammartin-en-Goële ,maison,326900
Luisant ,appartement,286535
Gradignan ,appartement,317000
Paris 13ème ,maison,2236000
Belloy-en-France ,terrain,183000
Marly-le-Roi ,appartement,518000
Paris 15ème ,appartement,3285000
Pau ,appartement,166500
Lacépède ,propri,1175000
Belloy-en-France ,terrain,183000
Lodeve ,propri,655000
Herrlisheim ,maison,289000
Chatou ,maison,799000
Saint-maur-des-fosses ,loft,1144000
Port-de-Bouc ,appartement,161000
Coupvray ,appartement,311000
Toulon ,appartement,179000
Marseille 8ème ,villa,907500
La Varenne Saint Hilaire ,maison,2720000
Marignier ,maison,385000
Saint-Evarzec ,maison,256900
Montpellier ,appartement,685000
Marignane ,appartement,319138
Saint-maur-des-fosses ,maison,1860000
Frejus ,maison,PrixNC
Paris 20ème ,appartement,449000
Montrouge ,appartement,865000
Rungis ,appartement,411000
Draguignan ,appartement,224000
Donville-les-Bains ,appartement,220000
Bordeaux ,appartement,236109
Dammartin-en-Goële ,maison,302900
Melun ,maison,310000
Paris 16ème ,appartement,265000
Saint-maur-des-fosses ,maison,1495000
Frejus ,maison,PrixNC
Orly ,appartement,350500
Orsay ,appartement,393500
Dinard ,appartement,485500
La Varenne Saint Hilaire ,appartement,595000
Rennes ,appartement,421000
Aubagnan ,maison,243800
Flins-sur-Seine ,maison,210000
Bordeaux ,appartement,379000
Paris 12ème ,appartement,495000
Meaux ,appartement,367000
Maisons-Laffitte ,appartement,968000
Toulon ,appartement,666500
Chennevieres-sur-marne ,appartement,339000
Paris 12ème ,appartement,385000
La Rochelle ,appartement,267000
Concarneau ,maison,216900
Ville-d'Avray ,appartement,970000
Donville-les-Bains ,appartement,198000
Lyon 2ème ,appartement,830000
Wattrelos ,appartement,169479
Villeneuve-Saint-Georges ,appartement,290125
Neuilly-sur-Seine ,appartement,1650000
Saint-maur-des-fosses ,appartement,725800
Pontault-Combault ,appartement,385000
Salon-de-Provence ,maison,269000
Bourg-la-Reine ,appartement,750000
Dammartin-en-Goële ,maison,332900
Colombes ,appartement,386042
Neuilly-sur-Marne ,appartement,327000
Lyon 2ème ,appartement,1250000
Clichy-sous-Bois ,appartement,226000
Castelnau-le-Lez ,appartement,480000
Morangis ,appartement,327000
Bourg-la-Reine ,appartement,840000
Lyon 2ème ,duplex,498000
Dinard ,appartement,PrixNC
Tourcoing ,maison,175000
Pibrac ,terrain,230000
Arcins ,maison,369900
Saint-Germain-en-Laye ,appartement,1195000
Dinard ,appartement,PrixNC
Vannes ,appartement,227800
Versailles ,maison,1199000
Cergy ,appartement,253300
Sévérac-le-Château ,propri,4980000
Dinard ,appartement,PrixNC
Saint-Evarzec ,maison,321900
Louvres ,duplex,350900
Chatou ,appartement,969000
Bagneres-de-luchon ,appartement,510000
Dinard ,appartement,PrixNC
Garches ,appartement,489000
Vanves ,appartement,636000
Collégien ,appartement,287000
Montigny-les-cormeilles ,duplex,486346
Bry-sur-Marne ,appartement,597776
Enghien-les-Bains ,appartement,535000
Cerny ,maison,328400
Deauville ,appartement,377355
Saint-maur-des-fosses ,maison,995000
Saint-Chély-d'Apcher ,chalet,1378000
Hauteville-lès-Dijon ,appartement,PrixNC
Trets ,appartement,354000
Tassin-la-Demi-Lune ,appartement,605000
Collégien ,maison,419000
Sévérac-le-Château ,propri,1490000
Plaisir ,appartement,305000
Dreux ,appartement,174000
Montfey ,maison,159800
Antibes ,viager,653720
Millau ,ch,1140000
Le Perreux-sur-Marne ,appartement,290300
Neuilly-sur-Seine ,appartement,1650000
Vanves ,appartement,949000
Linselles ,appartement,229165
Villecomtal ,ch,1166000
Le Perreux-sur-Marne ,appartement,290300
Saint-Evarzec ,maison,329900
Houilles ,appartement,534000
Chatenay-malabry ,appartement,608000
Millau ,maison,750000
Arcachon ,appartement,592200
Le Cannet ,appartement,1990000
Saint-Germain-en-Laye ,maison,899000
Cavalaire-sur-Mer ,appartement,335000
Sanary-sur-Mer ,villa,550000
Voisins-le-Bretonneux ,appartement,432000
Colomiers ,maison,389000
Cerny ,maison,347400
Saint-Germain-en-Laye ,maison,799000
Salon-de-Provence ,appartement,354800
Le Rozier ,propri,690000
Marseille 7ème ,appartement,494000
Creteil ,appartement,323533
Crozet ,appartement,386600
Creteil ,appartement,557357
Millau ,maison,630000
Chambery ,appartement,349000
Villeneuve-sur-Yonne ,maison,133900
Paris 11ème ,appartement,725000
Merignac ,appartement,430000
Millau ,maison,630000
Chambery ,appartement,335000
Saint-Germain-en-Laye ,maison,559000
Vanves ,appartement,525000
Carquefou ,appartement,395900
Conques ,maison,590000
Chambery ,appartement,615000
Concarneau ,maison,222900
Cergy ,appartement,375000
Versailles ,maison,959000
Mende ,propri,410000
Chambery ,appartement,449000
Luynes ,appartement,550000
Cergy ,appartement,329688
Athis-Mons ,appartement,362600
Versailles ,appartement,1049000
Blagnac ,appartement,366700
Ostwald ,appartement,450000
Forges-les-Bains ,maison,453900
Ville-d'Avray ,appartement,990000
Cergy ,appartement,300060
Bois-Colombes ,maison,1245000
Chambery ,appartement,249000
Le Cannet ,appartement,2275000
Versailles ,maison,959000
Doussard ,appartement,344000
Beaumont-en-Auge ,propri,1470000
Chambery ,appartement,232500
La Salvetat-sur-Agout ,maison,99000
Cordes-sur-Ciel ,maison,449000
Arcachon ,appartement,470000
Levallois-Perret ,appartement,1130000
Chambery ,appartement,159000
Bourgoin-Jallieu ,appartement,258000
Luynes ,appartement,699000
Bormes-les-Mimosas ,appartement,359000
Les Houches ,chalet,2200000
Chambery ,appartement,383000
Concarneau ,maison,206900
Saint-Jean-le-Blanc ,appartement,259900
Villeneuve-le-Roi ,appartement,256000
Lege-cap-ferret ,maison,9440000
Chambery ,appartement,333500
Dinard ,appartement,485500
Champigny-sur-Marne ,appartement,411000
Villeneuve-le-Roi ,appartement,263000
Rueil-Malmaison ,duplex,792500
Dinard ,appartement,397000
Puget-sur-Argens ,appartement,275000
Cerny ,maison,300400
Venissieux ,appartement,289500
La Baule-Escoublac ,maison,463500
Paris 17ème ,appartement,4300000
Chambery ,appartement,245000
Toulon ,appartement,441000
Paris 7ème ,appartement,1660000
Bry-sur-Marne ,maison,988000
Paris 17ème ,appartement,1690000
Chambery ,appartement,379000
Monticello ,appartement,506000
Lassy ,maison,404289
Le Gué-de-Velluire ,maison,167380
Paris 8ème ,appartement,4190000
Chambery ,appartement,228500
Ollioules ,appartement,303000
Marseille 8ème ,maison,417500
Chatenay-malabry ,appartement,807000
Paris 17ème ,appartement,1460000
Chambery ,appartement,239000
Concarneau ,maison,219900
Chatenay-malabry ,appartement,799000
Orly ,appartement,350500
Paris 11ème ,appartement,945000
Chambery ,appartement,155000
Orly ,appartement,318000
Noisy-le-Sec ,appartement,371000
Saint-Ouen ,appartement,460000
Saint-Herblain ,appartement,468000
Garches ,appartement,566900
Montreuil ,maison,710000
Briis-sous-Forges ,maison,413900
Alfortville ,appartement,398000
Plancoët ,maison,239500
Paris 16ème ,appartement,1250000
Chambery ,appartement,339000
Plerin ,maison,499900
Plélo ,maison,155000
Les Sables-d'Olonne ,appartement,237900
Paris 16ème ,appartement,1680000
Chambery ,appartement,235000
La Magdelaine-sur-Tarn ,maison,295000
Saint-Vincent ,maison,249500
Miramont-de-Guyenne ,appartement,50625
Sainte lucie de porto vecchio ,villa,1290000
Chambery ,appartement,219000
Saint-Léger-des-Bois ,maison,349030
Mouilleron-le-Captif ,maison,234000
Avrille ,maison,473200
Mandelieu-la-Napoule ,appartement,699000
Chambery ,appartement,375000
Concarneau ,maison,260900
Avrille ,maison,399984
Segré ,maison,315000
Arcachon ,villa,1890000
Chambery ,appartement,151500
Angers ,maison,483000
Blain ,maison,370000
Lyon 7ème ,appartement,799000
Lyon 7ème ,appartement,534000
Lyon 6ème ,appartement,589000
Lyon 6ème ,appartement,719000
La Chapelle-Glain ,maison,218900
Lyon 6ème ,appartement,486000
La Seyne-sur-Mer ,appartement,228000
Lege-cap-ferret ,villa,2295000
Chambery ,appartement,225000
Savenay ,maison,377500
Mont-de-Marsan ,maison,200000
Bernay ,maison,84900
La Teste-de-Buch ,maison,1360000
Chambery ,appartement,215000
Saint-Marcel-sur-Aude ,maison,521000
Savigny-le-Temple ,appartement,186000
Lesparre-Médoc ,parking,112000
Pyla sur mer ,maison,3570000
Chambery ,appartement,149000
Alix ,maison,385000
Sevres ,appartement,527000
Capbreton ,appartement,577500
Arcachon ,appartement,1254000
Chambery ,appartement,199000
Concarneau ,maison,222900
Bernay ,maison,475000
Albi ,maison,307000
Gujan-Mestras ,maison,1096000
Chambery ,appartement,225000
Biscarrosse ,maison,810000
Lyon 9ème ,appartement,228000
Lyon 3ème ,appartement,365000
Lyon 3ème ,appartement,495000
Lyon 3ème ,locaux,1200000
Lyon 7ème ,appartement,419000
La Chapelle-Glain ,maison,342900
Lyon 8ème ,locaux,675000
Agde ,appartement,239000
Arcachon ,maison,998000
Chambery ,appartement,308000
Paris 13ème ,appartement,299700
Paris 13ème ,appartement,1610000
Paris 13ème ,maison,239500
Arcachon ,villa,1029000
Chambery ,appartement,328000
La Séguinière ,maison,159900
Epernon ,appartement,127000
Nantes ,maison,399000
Arcachon ,appartement,399000
Chambery ,appartement,505000
Lyon 6ème ,appartement,420000
Lyon 6ème ,appartement,450000
Lyon 3ème ,appartement,200000
Gujan-Mestras ,maison,899000
Chambery ,appartement,529000
Concarneau ,maison,226900
Baillargues ,maison,435000
Le Pont-de-Beauvoisin ,maison,395000
La Teste-de-Buch ,maison,960000
Chambery ,appartement,257500
Sillans-la-Cascade ,maison,388000
Bédarieux ,appartement,76000
Frontignan ,appartement,237500
Frontignan ,appartement,140000
Coulobres ,maison,95000
Marseillan ,appartement,269000
Pontchâteau ,maison,264900
Lyon 5ème ,appartement,265000
Sissonne ,maison,110000
Marseille 8ème ,appartement,1590000
Chambery ,appartement,495000
Saint-Clément-des-Baleines ,locaux,545000
Chauny ,maison,183900
Lambesc ,maison,70000
Marseille 7ème ,maison,820000
Chambery ,appartement,242500
Saint-Cyprien ,viager,273980
Puiseaux ,maison,160000
Le Bourget-du-Lac ,locaux,285000
Ensuès-la-Redonne ,maison,1590000
Chambery ,appartement,239000
Gagnac-sur-Garonne ,maison,481700
Labastide-Clermont ,maison,295000
Manosque ,appartement,213900
Le Beausset ,propri,3450000
Chambery ,appartement,499000
Concarneau ,maison,207900
Nieul-sur-Mer ,maison,518750
La Rochelle ,appartement,247925
Louveciennes ,appartement,760000
Chambery ,appartement,599000
Mauguio ,propri,895000
Saint-Gély-du-Fesc ,locaux,1470000
Paris 18ème ,appartement,749700
Paris 18ème ,appartement,1060000
Arbonne-la-Forêt ,maison,990000
Les Angles ,appartement,210000
Pontchâteau ,maison,282900
Roquemaure ,maison,330000
Entrechaux ,maison,268000
Orgeval ,maison,953000
Chambery ,appartement,305000
Romorantin-Lanthenay ,maison,245000
Montreuil-aux-Lions ,maison,269000
Le Touquet-Paris-Plage ,appartement,231000
Fontvieille ,maison,1484000
Chambery ,appartement,245000
Saint-Jean-de-Monts ,maison,241000
Longjumeau ,appartement,190000
Valenciennes ,viager,44550
Arcachon ,maison,1522500
Chambery ,appartement,229000
Oullins ,maison,255000
Pierre-benite ,appartement,175000
Chateau-thierry ,maison,242000
Caluire-et-Cuire ,maison,1578000
Chambery ,appartement,209000
Concarneau ,maison,236900
Roquebrune-Cap-Martin ,villa,PrixNC
Sète ,appartement,349000
Grimaud ,maison,1800000
Chambery ,appartement,300000
Pontarlier ,appartement,148000
Plancoët ,maison,252500
Paris 7ème ,appartement,7500000
Aigrefeuille-d'Aunis ,terrain,182000
La Rochelle ,appartement,299000
La Rochelle ,appartement,241500
La Chapelle-Glain ,maison,192900
La Rochelle ,locaux,210000
La Rochelle ,appartement,176000
Paris 6ème ,appartement,1090000
Chambery ,appartement,245000
La Rochelle ,maison,430000
Dompierre-sur-Mer ,maison,330000
Le Vésinet ,appartement,567000
Paris 16ème ,appartement,1790000
Chambery ,appartement,299000
Saint-Geniès-Bellevue ,villa,395000
Jassans-Riottier ,maison,525000
La Colle-sur-Loup ,maison,959000
Paris 8ème ,appartement,1850000
Chambery ,appartement,229000
Le Vésinet ,maison,1695000
Chelles ,appartement,305000
Saint-Maximin-la-Sainte-Baume ,maison,240500
Paris 16ème ,appartement,1370000
Chambery ,appartement,225000
Concarneau ,maison,248900
Labruguière ,propri,329000
Honfleur ,appartement,342000
Paris 16ème ,appartement,690000
Chambery ,appartement,199000
Saix ,propri,222000
Le Pradet ,appartement,628000
Ayse ,appartement,303500
Colombier-Saugnieu ,appartement,251500
Creteil ,appartement,309000
Creteil ,appartement,498000
Meaux ,maison,277900
Castres ,maison,143000
Angers ,appartement,276000
Boulogne-Billancourt ,appartement,1690000
Chambery ,appartement,293500
Soual ,locaux,290000
Thiais ,appartement,497000
Venissieux ,appartement,325500
Boulogne-Billancourt ,appartement,1950000
Chambery ,appartement,215000
Rennes ,appartement,699900
Dijon ,appartement,155000
Pont-Sainte-Maxence ,appartement,98000
Boulogne-Billancourt ,appartement,1150000
Orleans ,appartement,276000
Trappes ,appartement,199000
Saint-Ouen ,appartement,689000
Saint-Ouen ,appartement,420242
Issy-les-Moulineaux ,appartement,1470000
Châteaugiron ,appartement,182000
Concarneau ,maison,286900
Saint-Ouen ,appartement,516071
Ollioules ,appartement,425000
Saint-Cloud ,appartement,1700000
Lyon 8ème ,appartement,359500
Chelles ,appartement,342000
Ollioules ,appartement,324000
Tours ,appartement,271000
La Garenne-Colombes ,appartement,680000
Tournefeuille ,appartement,310000
Aix-en-Provence ,appartement,992000
Meaux ,maison,280900
Tournefeuille ,appartement,234200
Chelles ,appartement,250500
Issy-les-Moulineaux ,appartement,1250000
Lyon 8ème ,appartement,335500
Saint-Priest ,appartement,305900
Pornichet ,appartement,356200
Pornic ,appartement,582000
Meudon ,appartement,1390000
Lyon 8ème ,appartement,339500
Mignaloux-Beauvoir ,maison,236871
Notre-Dame-de-Bellecombe ,appartement,338000
Jau-Dignac-et-Loirac ,maison,199500
Neuilly-sur-Seine ,appartement,1220000
Lyon 8ème ,appartement,335500
Boissise-le-Roi ,maison,335000
La Couture ,maison,122990
La Faute-sur-Mer ,maison,170000
Saint-Cloud ,appartement,1550000
Lyon 8ème ,appartement,329500
Concarneau ,maison,282900
Saumane-de-Vaucluse ,appartement,290000
Saumane-de-Vaucluse ,appartement,265000
Saint-Cloud ,appartement,980000
Lyon 8ème ,appartement,329500
Saumane-de-Vaucluse ,maison,447000
Rillieux-la-Pape ,maison,455000
Longvic ,appartement,199000
Besançon ,appartement,253000
Cuverville ,maison,325000
Dampmart ,maison,1190000
Claye-Souilly ,maison,318900
Brunstatt ,maison,337000
Poisy ,appartement,505000
Puteaux ,appartement,1450000
Lyon 8ème ,appartement,319500
La Seyne-sur-Mer ,locaux,195000
Vallenay ,maison,80990
Orleans ,maison,18900000
Levallois-Perret ,appartement,1390000
Lyon 8ème ,appartement,329500
Montrouge ,appartement,1041000
Villeneuve-le-Roi ,appartement,229000
Verneuil-sur-Avre ,maison,189000
Paris 16ème ,appartement,1695000
Lyon 8ème ,appartement,195500
Cavalaire-sur-Mer ,appartement,344000
Blain ,maison,413000
Paris 16ème ,appartement,1102500
Fourqueux ,maison,1690000
Lyon 8ème ,appartement,284000
Concarneau ,maison,291900
Bordeaux ,maison,665000
Angers ,appartement,212000
La Croix-Valmer ,appartement,1990000
Lyon 8ème ,appartement,309500
Pouzauges ,maison,183750
Cognac ,maison,436800
Cognac ,appartement,174900
Cognac ,maison,333900
Bois ,maison,249100
Jarnac ,maison,436800
Claye-Souilly ,maison,328400
Chassors ,maison,399360
Paris 14ème ,appartement,1539000
Sucy-en-Brie ,maison,1048000
Lyon 8ème ,appartement,179500
La Baule-Escoublac ,appartement,467000
Royan ,maison,329000
Dijon ,appartement,316000
Paris 16ème ,appartement,1850000
Lyon 8ème ,appartement,275500
Marseille 5ème ,appartement,215000
Saint-Maurice-de-Rémens ,terrain,68000
Lormont ,appartement,67000
Noisy-le-Roi ,maison,1250000
Villeneuve-la-Garenne ,appartement,328808
Paris 13ème ,appartement,420000
Baguer-Pican ,maison,198360
Paris 16ème ,appartement,95000
Feucherolles ,maison,1250000
Checy ,appartement,259000
Claye-Souilly ,maison,248400
Tremblay-en-France ,maison,470000
Paris 12ème ,appartement,478000
Hem ,maison,740000
Meaux ,appartement,255300
Paris 17ème ,appartement,179000
Neuilly-sur-Seine ,appartement,695000
Paris 15ème ,appartement,495000
Rueil-Malmaison ,appartement,340000
Neuilly-sur-Seine ,appartement,530000
Neuilly-sur-Seine ,appartement,750000
Melun ,maison,355900
Paris 16ème ,appartement,495000
Neuilly-sur-Seine ,appartement,697000
Lyon 2ème ,appartement,750000
Stains ,appartement,195000
Courbevoie ,appartement,465000
Neuilly-sur-Seine ,appartement,347000
Paris 9ème ,appartement,235000
Paris 12ème ,appartement,489000
Vaulx-en-Velin ,appartement,249300
Rohan ,maison,184500
Morteaux-Couliboeuf ,terrain,33910
Kerpert ,maison,168800
Paris 17ème ,appartement,2228850
Mouans-Sartoux ,appartement,254500
Seurre ,maison,295000
Dijon ,maison,380000
Selongey ,maison,87000
Paris 17ème ,appartement,1855000
Mouans-Sartoux ,appartement,460000
Melun ,maison,375900
Paris 15ème ,appartement,1050000
Paris 6ème ,appartement,1550000
Paris 17ème ,appartement,1410000
Cavalaire-sur-Mer ,appartement,459000
Reignac ,maison,159010
